year,year_month,Date,Max.TemperatureF,Mean.TemperatureF,Min.TemperatureF,Max.Humidity,Mean.Humidity,Min.Humidity,Max.Wind.SpeedMPH,Mean.Wind.SpeedMPH,CloudCover,Events,city,season
2013,2013-01,2013-01-01,41,34.0,27,64,52,40,29,15,7.0,,New York City (USA),Winter
2013,2013-01,2013-01-02,35,29.0,23,54,45,35,28,15,7.0,,New York City (USA),Winter
2013,2013-01,2013-01-03,33,29.0,25,63,52,41,18,12,6.0,,New York City (USA),Winter
2013,2013-01,2013-01-04,39,35.0,30,63,56,48,25,16,3.0,,New York City (USA),Winter
2013,2013-01,2013-01-05,45,39.0,32,69,53,37,25,12,3.0,,New York City (USA),Winter
2013,2013-01,2013-01-06,45,39.0,33,92,71,49,17,10,6.0,Snow,New York City (USA),Winter
2013,2013-01,2013-01-07,47,39.0,30,69,52,34,21,8,1.0,,New York City (USA),Winter
2013,2013-01,2013-01-08,49,40.0,30,85,68,50,20,11,3.0,,New York City (USA),Winter
2013,2013-01,2013-01-09,48,41.0,33,92,76,60,20,8,5.0,,New York City (USA),Winter
2013,2013-01,2013-01-10,50,44.0,37,62,47,31,25,12,4.0,,New York City (USA),Winter
2013,2013-01,2013-01-11,47,40.0,33,100,74,48,13,6,8.0,Rain,New York City (USA),Winter
2013,2013-01,2013-01-12,49,46.0,43,100,93,86,14,6,8.0,Fog-Rain,New York City (USA),Winter
2013,2013-01,2013-01-13,47,45.0,42,100,96,92,17,6,8.0,Fog-Rain,New York City (USA),Winter
2013,2013-01,2013-01-14,58,49.0,39,100,73,46,23,9,7.0,Fog-Rain,New York City (USA),Winter
2013,2013-01,2013-01-15,39,37.0,35,85,70,54,16,9,8.0,Rain,New York City (USA),Winter
2013,2013-01,2013-01-16,38,36.0,33,96,86,75,21,9,8.0,Rain,New York City (USA),Winter
2013,2013-01,2013-01-17,46,41.0,36,85,65,45,21,12,7.0,,New York City (USA),Winter
2013,2013-01,2013-01-18,36,31.0,25,56,42,27,22,13,4.0,,New York City (USA),Winter
2013,2013-01,2013-01-19,52,42.0,31,64,51,38,25,16,3.0,,New York City (USA),Winter
2013,2013-01,2013-01-20,56,44.0,31,70,45,19,35,18,2.0,,New York City (USA),Winter
2013,2013-01,2013-01-21,33,30.0,26,85,60,34,22,9,7.0,Snow,New York City (USA),Winter
2013,2013-01,2013-01-22,28,21.0,14,57,42,27,28,18,3.0,Snow,New York City (USA),Winter
2013,2013-01,2013-01-23,21,17.0,12,48,38,28,22,14,3.0,,New York City (USA),Winter
2013,2013-01,2013-01-24,26,20.0,13,58,41,24,33,16,3.0,,New York City (USA),Winter
2013,2013-01,2013-01-25,24,19.0,14,84,63,41,22,9,7.0,Snow,New York City (USA),Winter
2013,2013-01,2013-01-26,27,21.0,14,74,57,40,26,13,2.0,,New York City (USA),Winter
2013,2013-01,2013-01-27,35,27.0,18,67,47,27,17,9,2.0,,New York City (USA),Winter
2013,2013-01,2013-01-28,35,30.0,24,96,76,55,20,9,8.0,Rain-Snow,New York City (USA),Winter
2013,2013-01,2013-01-29,48,41.0,34,100,88,76,16,7,8.0,Rain,New York City (USA),Winter
2013,2013-01,2013-01-30,52,47.0,41,100,93,86,35,17,8.0,Fog-Rain,New York City (USA),Winter
2013,2013-01,2013-01-31,56,43.0,30,100,65,29,44,29,5.0,Rain-Snow,New York City (USA),Winter
2013,2013-02,2013-02-01,33,29.0,24,60,44,28,30,20,4.0,Snow,New York City (USA),Winter
2013,2013-02,2013-02-02,31,26.0,20,81,56,31,23,13,5.0,Snow,New York City (USA),Winter
2013,2013-02,2013-02-03,32,27.0,22,88,69,50,14,7,6.0,Snow,New York City (USA),Winter
2013,2013-02,2013-02-04,32,28.0,24,69,51,33,28,16,5.0,,New York City (USA),Winter
2013,2013-02,2013-02-05,32,30.0,28,85,72,58,10,6,8.0,Snow,New York City (USA),Winter
2013,2013-02,2013-02-06,41,35.0,29,92,59,26,25,12,5.0,Snow,New York City (USA),Winter
2013,2013-02,2013-02-07,33,28.0,23,63,44,25,16,7,6.0,,New York City (USA),Winter
2013,2013-02,2013-02-08,36,32.0,27,92,78,64,32,20,8.0,Fog-Rain-Snow,New York City (USA),Winter
2013,2013-02,2013-02-09,32,27.0,21,92,64,35,31,20,4.0,Fog-Snow,New York City (USA),Winter
2013,2013-02,2013-02-10,34,26.0,17,82,57,32,15,6,4.0,,New York City (USA),Winter
2013,2013-02,2013-02-11,45,40.0,34,100,85,70,23,7,8.0,Fog-Rain,New York City (USA),Winter
2013,2013-02,2013-02-12,47,42.0,37,89,65,41,26,14,4.0,,New York City (USA),Winter
2013,2013-02,2013-02-13,43,36.0,28,78,61,44,16,5,6.0,Snow,New York City (USA),Winter
2013,2013-02,2013-02-14,45,39.0,32,92,66,40,17,9,4.0,Rain-Snow,New York City (USA),Winter
2013,2013-02,2013-02-15,49,41.0,32,89,73,56,17,8,4.0,Rain,New York City (USA),Winter
2013,2013-02,2013-02-16,45,38.0,31,89,66,43,26,14,8.0,Rain-Snow,New York City (USA),Winter
2013,2013-02,2013-02-17,34,26.0,18,47,36,24,37,27,6.0,,New York City (USA),Winter
2013,2013-02,2013-02-18,36,27.0,18,53,38,23,30,16,2.0,,New York City (USA),Winter
2013,2013-02,2013-02-19,45,38.0,31,96,73,49,30,15,6.0,Rain,New York City (USA),Winter
2013,2013-02,2013-02-20,39,33.0,26,59,46,33,32,21,3.0,,New York City (USA),Winter
2013,2013-02,2013-02-21,37,31.0,24,55,45,35,33,21,2.0,,New York City (USA),Winter
2013,2013-02,2013-02-22,38,32.0,26,76,62,47,21,9,6.0,Rain-Snow,New York City (USA),Winter
2013,2013-02,2013-02-23,44,40.0,36,100,91,82,20,12,8.0,Rain,New York City (USA),Winter
2013,2013-02,2013-02-24,49,42.0,34,92,70,48,29,16,7.0,Rain,New York City (USA),Winter
2013,2013-02,2013-02-25,46,39.0,31,64,51,38,18,9,4.0,,New York City (USA),Winter
2013,2013-02,2013-02-26,44,38.0,31,89,71,53,29,13,7.0,Rain,New York City (USA),Winter
2013,2013-02,2013-02-27,49,44.0,38,93,79,65,39,18,7.0,Rain,New York City (USA),Winter
2013,2013-02,2013-02-28,51,46.0,40,89,69,49,20,9,8.0,Rain,New York City (USA),Winter
2013,2013-03,2013-03-01,47,42.0,36,75,60,45,22,13,6.0,,New York City (USA),Winter
2013,2013-03,2013-03-02,41,37.0,32,78,62,45,21,12,7.0,Snow,New York City (USA),Winter
2013,2013-03,2013-03-03,42,36.0,29,78,58,37,24,15,6.0,Snow,New York City (USA),Winter
2013,2013-03,2013-03-04,44,36.0,27,63,50,36,31,20,2.0,,New York City (USA),Winter
2013,2013-03,2013-03-05,48,40.0,31,76,55,34,26,10,3.0,,New York City (USA),Winter
2013,2013-03,2013-03-06,45,40.0,35,82,71,60,39,23,8.0,Rain-Snow,New York City (USA),Winter
2013,2013-03,2013-03-07,39,36.0,33,89,80,70,30,22,8.0,Rain-Snow,New York City (USA),Winter
2013,2013-03,2013-03-08,40,36.0,31,92,76,59,26,19,7.0,Fog-Rain-Snow,New York City (USA),Winter
2013,2013-03,2013-03-09,55,45.0,34,82,52,22,25,13,1.0,,New York City (USA),Winter
2013,2013-03,2013-03-10,43,37.0,31,92,80,67,13,7,5.0,,New York City (USA),Winter
2013,2013-03,2013-03-11,52,46.0,39,93,82,71,18,10,7.0,,New York City (USA),Winter
2013,2013-03,2013-03-12,53,48.0,43,100,83,65,30,19,7.0,Rain,New York City (USA),Winter
2013,2013-03,2013-03-13,53,46.0,38,76,53,29,23,12,3.0,,New York City (USA),Winter
2013,2013-03,2013-03-14,42,36.0,30,54,37,20,36,23,4.0,,New York City (USA),Winter
2013,2013-03,2013-03-15,48,39.0,30,53,43,32,22,14,6.0,,New York City (USA),Winter
2013,2013-03,2013-03-16,41,37.0,33,89,67,44,22,7,7.0,Snow,New York City (USA),Winter
2013,2013-03,2013-03-17,39,35.0,30,85,59,32,23,12,6.0,,New York City (USA),Winter
2013,2013-03,2013-03-18,36,31.0,26,96,65,33,28,14,7.0,Rain-Snow,New York City (USA),Winter
2013,2013-03,2013-03-19,45,40.0,35,92,73,54,24,14,7.0,Rain,New York City (USA),Winter
2013,2013-03,2013-03-20,47,40.0,32,59,44,28,28,16,3.0,,New York City (USA),Spring
2013,2013-03,2013-03-21,39,35.0,31,72,52,32,23,13,7.0,Snow,New York City (USA),Spring
2013,2013-03,2013-03-22,44,37.0,29,58,44,30,24,14,5.0,,New York City (USA),Spring
2013,2013-03,2013-03-23,48,40.0,32,63,45,26,29,18,3.0,,New York City (USA),Spring
2013,2013-03,2013-03-24,47,40.0,32,64,48,31,22,9,5.0,,New York City (USA),Spring
2013,2013-03,2013-03-25,40,37.0,34,92,76,59,23,10,8.0,Rain-Snow,New York City (USA),Spring
2013,2013-03,2013-03-26,53,45.0,36,82,55,28,22,9,5.0,Rain,New York City (USA),Spring
2013,2013-03,2013-03-27,54,45.0,35,56,41,26,25,15,3.0,,New York City (USA),Spring
2013,2013-03,2013-03-28,53,45.0,37,64,52,39,21,15,5.0,Rain,New York City (USA),Spring
2013,2013-03,2013-03-29,56,49.0,41,55,42,28,23,13,4.0,,New York City (USA),Spring
2013,2013-03,2013-03-30,58,49.0,39,76,50,23,22,10,2.0,,New York City (USA),Spring
2013,2013-03,2013-03-31,52,44.0,35,92,74,56,23,11,7.0,Rain,New York City (USA),Spring
2013,2013-04,2013-04-01,63,50.0,37,93,59,25,35,15,5.0,Rain,New York City (USA),Spring
2013,2013-04,2013-04-02,45,39.0,33,38,29,20,26,16,2.0,,New York City (USA),Spring
2013,2013-04,2013-04-03,48,41.0,33,38,28,17,30,18,1.0,,New York City (USA),Spring
2013,2013-04,2013-04-04,45,39.0,32,73,53,33,23,12,5.0,,New York City (USA),Spring
2013,2013-04,2013-04-05,64,52.0,40,79,48,17,30,13,4.0,Rain,New York City (USA),Spring
2013,2013-04,2013-04-06,49,43.0,36,76,46,15,31,13,1.0,,New York City (USA),Spring
2013,2013-04,2013-04-07,52,45.0,37,86,71,56,32,16,5.0,,New York City (USA),Spring
2013,2013-04,2013-04-08,68,55.0,42,92,66,40,16,7,5.0,,New York City (USA),Spring
2013,2013-04,2013-04-09,83,65.0,47,93,54,15,26,7,5.0,,New York City (USA),Spring
2013,2013-04,2013-04-10,71,62.0,53,83,66,48,32,9,6.0,Rain-Thunderstorm,New York City (USA),Spring
2013,2013-04,2013-04-11,60,54.0,47,100,81,62,24,12,8.0,,New York City (USA),Spring
2013,2013-04,2013-04-12,48,45.0,41,89,78,66,33,18,8.0,Rain,New York City (USA),Spring
2013,2013-04,2013-04-13,58,49.0,39,93,67,40,20,9,6.0,Rain,New York City (USA),Spring
2013,2013-04,2013-04-14,59,52.0,45,93,59,25,28,12,6.0,,New York City (USA),Spring
2013,2013-04,2013-04-15,53,48.0,43,83,61,38,16,8,6.0,,New York City (USA),Spring
2013,2013-04,2013-04-16,58,52.0,45,89,78,67,31,15,6.0,,New York City (USA),Spring
2013,2013-04,2013-04-17,70,59.0,47,89,57,25,18,8,5.0,Rain,New York City (USA),Spring
2013,2013-04,2013-04-18,57,51.0,45,93,74,55,21,12,6.0,Fog-Rain,New York City (USA),Spring
2013,2013-04,2013-04-19,65,58.0,50,100,89,78,37,21,7.0,Fog-Rain,New York City (USA),Spring
2013,2013-04,2013-04-20,59,52.0,45,100,62,24,26,17,7.0,Rain,New York City (USA),Spring
2013,2013-04,2013-04-21,54,46.0,37,62,43,24,26,10,3.0,,New York City (USA),Spring
2013,2013-04,2013-04-22,53,45.0,37,76,56,35,28,16,5.0,,New York City (USA),Spring
2013,2013-04,2013-04-23,52,47.0,42,71,67,62,22,15,7.0,Rain,New York City (USA),Spring
2013,2013-04,2013-04-24,58,50.0,42,100,81,61,31,14,4.0,,New York City (USA),Spring
2013,2013-04,2013-04-25,64,55.0,46,89,54,19,28,15,3.0,Rain,New York City (USA),Spring
2013,2013-04,2013-04-26,65,54.0,43,83,54,24,18,9,2.0,,New York City (USA),Spring
2013,2013-04,2013-04-27,66,56.0,46,74,45,16,18,9,2.0,,New York City (USA),Spring
2013,2013-04,2013-04-28,63,54.0,45,86,59,32,18,9,5.0,,New York City (USA),Spring
2013,2013-04,2013-04-29,55,53.0,50,83,77,71,14,9,8.0,Rain,New York City (USA),Spring
2013,2013-04,2013-04-30,63,55.0,46,83,52,20,22,10,5.0,,New York City (USA),Spring
2013,2013-05,2013-05-01,65,54.0,43,71,47,23,17,8,1.0,,New York City (USA),Spring
2013,2013-05,2013-05-02,63,54.0,44,86,66,46,13,6,1.0,,New York City (USA),Spring
2013,2013-05,2013-05-03,61,54.0,47,80,58,36,18,9,3.0,,New York City (USA),Spring
2013,2013-05,2013-05-04,64,55.0,45,86,64,42,17,9,1.0,,New York City (USA),Spring
2013,2013-05,2013-05-05,57,51.0,44,86,68,50,20,10,2.0,,New York City (USA),Spring
2013,2013-05,2013-05-06,62,54.0,45,86,73,60,13,6,6.0,,New York City (USA),Spring
2013,2013-05,2013-05-07,72,60.0,48,86,74,61,18,8,5.0,,New York City (USA),Spring
2013,2013-05,2013-05-08,64,60.0,55,100,86,72,22,10,7.0,Rain-Thunderstorm,New York City (USA),Spring
2013,2013-05,2013-05-09,70,63.0,55,100,82,63,14,8,7.0,Rain,New York City (USA),Spring
2013,2013-05,2013-05-10,76,65.0,54,100,73,46,20,10,5.0,,New York City (USA),Spring
2013,2013-05,2013-05-11,65,62.0,59,97,91,84,26,14,8.0,Rain-Thunderstorm,New York City (USA),Spring
2013,2013-05,2013-05-12,70,61.0,51,97,60,22,33,18,4.0,Rain,New York City (USA),Spring
2013,2013-05,2013-05-13,58,52.0,46,53,40,26,24,16,3.0,,New York City (USA),Spring
2013,2013-05,2013-05-14,60,52.0,43,71,48,24,22,12,2.0,,New York City (USA),Spring
2013,2013-05,2013-05-15,62,55.0,48,87,72,57,22,12,6.0,Rain,New York City (USA),Spring
2013,2013-05,2013-05-16,74,65.0,56,87,61,35,22,9,5.0,,New York City (USA),Spring
2013,2013-05,2013-05-17,73,64.0,55,67,46,25,22,9,5.0,,New York City (USA),Spring
2013,2013-05,2013-05-18,63,59.0,54,86,73,60,14,6,7.0,Rain,New York City (USA),Spring
2013,2013-05,2013-05-19,58,57.0,55,100,86,72,21,11,8.0,Fog-Rain,New York City (USA),Spring
2013,2013-05,2013-05-20,72,65.0,57,100,87,73,16,7,6.0,Fog-Rain,New York City (USA),Spring
2013,2013-05,2013-05-21,77,69.0,60,100,85,69,22,9,4.0,Fog,New York City (USA),Spring
2013,2013-05,2013-05-22,72,65.0,58,93,85,76,21,8,7.0,,New York City (USA),Spring
2013,2013-05,2013-05-23,71,66.0,61,100,87,73,31,18,7.0,Fog-Rain,New York City (USA),Spring
2013,2013-05,2013-05-24,69,58.0,46,100,86,72,25,14,8.0,Rain,New York City (USA),Spring
2013,2013-05,2013-05-25,57,51.0,45,89,70,50,38,22,8.0,Rain,New York City (USA),Spring
2013,2013-05,2013-05-26,68,58.0,48,61,43,24,30,18,4.0,,New York City (USA),Spring
2013,2013-05,2013-05-27,70,59.0,48,72,49,26,22,11,2.0,,New York City (USA),Spring
2013,2013-05,2013-05-28,68,61.0,53,93,71,48,13,5,8.0,Rain,New York City (USA),Spring
2013,2013-05,2013-05-29,75,66.0,56,93,81,68,14,5,7.0,,New York City (USA),Spring
2013,2013-05,2013-05-30,86,75.0,63,93,72,51,23,9,3.0,,New York City (USA),Spring
2013,2013-05,2013-05-31,84,75.0,65,87,73,58,22,10,3.0,,New York City (USA),Spring
2013,2013-06,2013-06-01,79,72.0,64,93,79,64,26,12,2.0,,New York City (USA),Spring
2013,2013-06,2013-06-02,74,69.0,63,93,81,68,25,13,4.0,Rain,New York City (USA),Spring
2013,2013-06,2013-06-03,76,69.0,62,93,70,47,20,8,7.0,Fog-Rain-Thunderstorm,New York City (USA),Spring
2013,2013-06,2013-06-04,76,68.0,59,67,47,27,23,13,4.0,,New York City (USA),Spring
2013,2013-06,2013-06-05,71,64.0,57,87,60,33,17,9,5.0,,New York City (USA),Spring
2013,2013-06,2013-06-06,71,65.0,58,93,67,40,21,10,7.0,Rain,New York City (USA),Spring
2013,2013-06,2013-06-07,64,62.0,60,100,92,84,22,14,8.0,Rain,New York City (USA),Spring
2013,2013-06,2013-06-08,76,67.0,57,97,79,60,25,11,6.0,Rain,New York City (USA),Spring
2013,2013-06,2013-06-09,78,71.0,64,87,67,46,16,7,4.0,,New York City (USA),Spring
2013,2013-06,2013-06-10,69,66.0,63,100,92,84,25,10,8.0,Fog-Rain,New York City (USA),Spring
2013,2013-06,2013-06-11,81,73.0,65,100,77,54,26,17,6.0,Rain-Thunderstorm,New York City (USA),Spring
2013,2013-06,2013-06-12,78,70.0,61,73,56,38,29,15,3.0,,New York City (USA),Spring
2013,2013-06,2013-06-13,66,61.0,56,97,82,67,29,14,8.0,Rain-Thunderstorm,New York City (USA),Spring
2013,2013-06,2013-06-14,72,63.0,54,93,71,49,26,13,6.0,Rain,New York City (USA),Spring
2013,2013-06,2013-06-15,82,72.0,62,73,52,30,18,9,2.0,,New York City (USA),Spring
2013,2013-06,2013-06-16,80,71.0,62,90,71,51,25,11,6.0,,New York City (USA),Spring
2013,2013-06,2013-06-17,82,75.0,67,93,78,62,20,9,5.0,Rain-Thunderstorm,New York City (USA),Spring
2013,2013-06,2013-06-18,78,72.0,65,93,81,69,16,6,7.0,Rain,New York City (USA),Spring
2013,2013-06,2013-06-19,77,69.0,60,93,63,33,22,10,5.0,Rain,New York City (USA),Spring
2013,2013-06,2013-06-20,74,67.0,59,78,66,53,21,11,1.0,,New York City (USA),Spring
2013,2013-06,2013-06-21,76,68.0,59,84,65,46,21,11,3.0,,New York City (USA),Summer
2013,2013-06,2013-06-22,77,69.0,61,90,74,57,20,10,5.0,,New York City (USA),Summer
2013,2013-06,2013-06-23,80,73.0,65,100,84,67,26,11,5.0,Rain,New York City (USA),Summer
2013,2013-06,2013-06-24,90,80.0,70,100,76,51,23,11,5.0,Thunderstorm,New York City (USA),Summer
2013,2013-06,2013-06-25,91,81.0,70,84,66,47,32,11,5.0,Rain,New York City (USA),Summer
2013,2013-06,2013-06-26,85,78.0,71,87,71,55,21,11,6.0,Rain-Thunderstorm,New York City (USA),Summer
2013,2013-06,2013-06-27,84,78.0,71,93,79,65,25,9,7.0,Rain-Thunderstorm,New York City (USA),Summer
2013,2013-06,2013-06-28,82,77.0,71,93,79,65,23,13,6.0,Rain,New York City (USA),Summer
2013,2013-06,2013-06-29,80,75.0,69,90,79,67,25,12,5.0,,New York City (USA),Summer
2013,2013-06,2013-06-30,81,75.0,69,100,87,74,18,10,7.0,Rain,New York City (USA),Summer
2013,2013-07,2013-07-01,78,75.0,71,94,91,87,21,11,8.0,Rain-Thunderstorm,New York City (USA),Summer
2013,2013-07,2013-07-02,79,75.0,71,93,85,76,21,12,7.0,Rain-Thunderstorm,New York City (USA),Summer
2013,2013-07,2013-07-03,81,76.0,70,97,86,74,20,10,6.0,Rain-Thunderstorm,New York City (USA),Summer
2013,2013-07,2013-07-04,84,78.0,72,94,82,69,20,11,4.0,,New York City (USA),Summer
2013,2013-07,2013-07-05,87,80.0,73,93,79,65,23,10,1.0,,New York City (USA),Summer
2013,2013-07,2013-07-06,93,84.0,75,88,70,52,20,11,3.0,,New York City (USA),Summer
2013,2013-07,2013-07-07,88,83.0,78,85,72,58,21,10,5.0,,New York City (USA),Summer
2013,2013-07,2013-07-08,87,81.0,74,79,67,55,22,13,4.0,,New York City (USA),Summer
2013,2013-07,2013-07-09,87,80.0,73,87,71,55,14,10,5.0,,New York City (USA),Summer
2013,2013-07,2013-07-10,85,79.0,72,93,81,69,20,9,6.0,Rain-Thunderstorm,New York City (USA),Summer
2013,2013-07,2013-07-11,88,81.0,73,87,67,46,20,7,7.0,Rain,New York City (USA),Summer
2013,2013-07,2013-07-12,79,75.0,70,93,77,60,29,12,8.0,Rain,New York City (USA),Summer
2013,2013-07,2013-07-13,85,78.0,71,100,85,70,15,8,7.0,,New York City (USA),Summer
2013,2013-07,2013-07-14,89,81.0,73,94,77,59,21,11,5.0,,New York City (USA),Summer
2013,2013-07,2013-07-15,97,87.0,77,85,64,42,16,7,4.0,,New York City (USA),Summer
2013,2013-07,2013-07-16,96,87.0,78,79,55,30,17,11,3.0,,New York City (USA),Summer
2013,2013-07,2013-07-17,95,87.0,79,79,58,36,15,7,2.0,,New York City (USA),Summer
2013,2013-07,2013-07-18,100,89.0,77,85,60,35,18,9,3.0,,New York City (USA),Summer
2013,2013-07,2013-07-19,95,88.0,80,85,71,56,21,12,3.0,,New York City (USA),Summer
2013,2013-07,2013-07-20,96,87.0,77,85,63,41,28,14,6.0,Rain-Thunderstorm,New York City (USA),Summer
2013,2013-07,2013-07-21,88,82.0,75,87,64,40,15,8,6.0,,New York City (USA),Summer
2013,2013-07,2013-07-22,86,80.0,74,94,80,65,15,8,7.0,Rain,New York City (USA),Summer
2013,2013-07,2013-07-23,87,80.0,73,94,80,65,28,11,6.0,Rain-Thunderstorm,New York City (USA),Summer
2013,2013-07,2013-07-24,88,79.0,70,82,64,45,16,11,5.0,,New York City (USA),Summer
2013,2013-07,2013-07-25,70,67.0,63,87,71,55,22,13,8.0,Rain,New York City (USA),Summer
2013,2013-07,2013-07-26,84,74.0,64,87,65,43,18,11,6.0,Rain,New York City (USA),Summer
2013,2013-07,2013-07-27,81,75.0,68,90,71,51,16,8,4.0,,New York City (USA),Summer
2013,2013-07,2013-07-28,78,73.0,68,93,81,69,18,8,6.0,Rain,New York City (USA),Summer
2013,2013-07,2013-07-29,84,78.0,71,93,63,33,20,9,5.0,Rain-Thunderstorm,New York City (USA),Summer
2013,2013-07,2013-07-30,85,76.0,67,63,48,32,17,9,2.0,,New York City (USA),Summer
2013,2013-07,2013-07-31,82,75.0,68,84,62,40,15,8,5.0,,New York City (USA),Summer
2013,2013-08,2013-08-01,77,73.0,68,90,79,68,21,10,8.0,Rain,New York City (USA),Summer
2013,2013-08,2013-08-02,85,77.0,68,97,70,43,22,10,5.0,,New York City (USA),Summer
2013,2013-08,2013-08-03,78,74.0,70,79,72,64,17,11,6.0,Rain,New York City (USA),Summer
2013,2013-08,2013-08-04,83,75.0,67,78,55,31,23,11,4.0,,New York City (USA),Summer
2013,2013-08,2013-08-05,80,72.0,64,70,48,25,17,11,3.0,,New York City (USA),Summer
2013,2013-08,2013-08-06,80,72.0,64,81,61,40,18,9,4.0,,New York City (USA),Summer
2013,2013-08,2013-08-07,80,75.0,70,84,71,58,20,11,7.0,Rain,New York City (USA),Summer
2013,2013-08,2013-08-08,81,76.0,70,97,86,74,24,14,7.0,Rain,New York City (USA),Summer
2013,2013-08,2013-08-09,82,78.0,74,94,87,79,24,13,7.0,Rain,New York City (USA),Summer
2013,2013-08,2013-08-10,85,78.0,71,82,61,39,23,10,5.0,,New York City (USA),Summer
2013,2013-08,2013-08-11,81,74.0,66,84,60,35,16,8,4.0,,New York City (USA),Summer
2013,2013-08,2013-08-12,80,75.0,69,93,82,71,13,5,6.0,Rain,New York City (USA),Summer
2013,2013-08,2013-08-13,76,73.0,69,100,87,74,14,6,7.0,Rain-Thunderstorm,New York City (USA),Summer
2013,2013-08,2013-08-14,77,69.0,61,90,64,38,26,17,3.0,,New York City (USA),Summer
2013,2013-08,2013-08-15,77,69.0,60,73,53,33,20,10,3.0,,New York City (USA),Summer
2013,2013-08,2013-08-16,79,71.0,63,78,55,32,14,6,5.0,,New York City (USA),Summer
2013,2013-08,2013-08-17,81,72.0,62,78,59,39,13,6,5.0,,New York City (USA),Summer
2013,2013-08,2013-08-18,78,72.0,66,81,62,43,12,4,8.0,Rain,New York City (USA),Summer
2013,2013-08,2013-08-19,78,72.0,65,81,66,50,22,11,6.0,Rain,New York City (USA),Summer
2013,2013-08,2013-08-20,85,77.0,68,87,68,48,18,8,2.0,,New York City (USA),Summer
2013,2013-08,2013-08-21,88,79.0,69,93,65,36,17,9,3.0,,New York City (USA),Summer
2013,2013-08,2013-08-22,80,76.0,72,93,84,74,16,8,6.0,Rain-Thunderstorm,New York City (USA),Summer
2013,2013-08,2013-08-23,84,77.0,69,93,63,33,22,12,5.0,,New York City (USA),Summer
2013,2013-08,2013-08-24,79,72.0,64,81,59,37,17,9,2.0,,New York City (USA),Summer
2013,2013-08,2013-08-25,81,72.0,63,84,59,33,20,11,4.0,,New York City (USA),Summer
2013,2013-08,2013-08-26,84,76.0,68,84,68,51,21,13,7.0,Rain,New York City (USA),Summer
2013,2013-08,2013-08-27,88,80.0,72,84,65,45,23,12,6.0,Rain,New York City (USA),Summer
2013,2013-08,2013-08-28,85,77.0,69,93,74,55,13,5,6.0,Rain,New York City (USA),Summer
2013,2013-08,2013-08-29,82,76.0,70,93,74,54,17,9,7.0,Rain,New York City (USA),Summer
2013,2013-08,2013-08-30,83,76.0,69,87,73,58,17,11,7.0,,New York City (USA),Summer
2013,2013-08,2013-08-31,83,78.0,72,90,80,69,18,11,6.0,,New York City (USA),Summer
2013,2013-09,2013-09-01,84,79.0,73,100,85,69,16,9,7.0,Rain-Thunderstorm,New York City (USA),Summer
2013,2013-09,2013-09-02,82,77.0,72,100,87,74,14,6,7.0,Rain,New York City (USA),Summer
2013,2013-09,2013-09-03,85,77.0,69,93,65,37,17,9,6.0,Fog-Thunderstorm,New York City (USA),Summer
2013,2013-09,2013-09-04,82,74.0,66,68,50,31,22,13,2.0,,New York City (USA),Summer
2013,2013-09,2013-09-05,82,73.0,64,78,49,20,21,12,3.0,,New York City (USA),Summer
2013,2013-09,2013-09-06,72,64.0,56,62,47,31,16,8,3.0,,New York City (USA),Summer
2013,2013-09,2013-09-07,78,68.0,58,72,52,31,20,12,4.0,,New York City (USA),Summer
2013,2013-09,2013-09-08,87,75.0,62,81,54,26,23,13,4.0,Rain,New York City (USA),Summer
2013,2013-09,2013-09-09,72,63.0,54,73,52,31,17,9,4.0,,New York City (USA),Summer
2013,2013-09,2013-09-10,81,76.0,70,87,79,71,22,12,7.0,,New York City (USA),Summer
2013,2013-09,2013-09-11,88,80.0,72,93,75,57,24,11,4.0,,New York City (USA),Summer
2013,2013-09,2013-09-12,82,76.0,70,93,79,65,26,10,7.0,Rain-Thunderstorm,New York City (USA),Summer
2013,2013-09,2013-09-13,80,70.0,59,90,66,42,24,12,5.0,Rain,New York City (USA),Summer
2013,2013-09,2013-09-14,70,63.0,55,67,54,40,23,12,2.0,,New York City (USA),Summer
2013,2013-09,2013-09-15,72,62.0,51,78,57,35,17,9,5.0,,New York City (USA),Summer
2013,2013-09,2013-09-16,75,66.0,57,90,63,36,21,10,6.0,Rain,New York City (USA),Summer
2013,2013-09,2013-09-17,66,58.0,49,62,46,30,23,10,1.0,,New York City (USA),Summer
2013,2013-09,2013-09-18,70,60.0,50,77,55,33,15,8,1.0,,New York City (USA),Summer
2013,2013-09,2013-09-19,75,65.0,54,84,61,38,16,10,0.0,,New York City (USA),Summer
2013,2013-09,2013-09-20,76,66.0,56,93,70,46,16,8,1.0,,New York City (USA),Summer
2013,2013-09,2013-09-21,75,66.0,57,93,83,73,28,12,6.0,Rain,New York City (USA),Summer
2013,2013-09,2013-09-22,72,64.0,55,100,69,37,25,15,5.0,Rain,New York City (USA),Summer
2013,2013-09,2013-09-23,68,59.0,50,68,53,37,18,12,1.0,,New York City (USA),Autumn
2013,2013-09,2013-09-24,75,62.0,48,71,49,27,15,9,1.0,,New York City (USA),Autumn
2013,2013-09,2013-09-25,72,62.0,51,84,59,33,14,7,3.0,,New York City (USA),Autumn
2013,2013-09,2013-09-26,70,62.0,54,93,78,63,15,7,5.0,,New York City (USA),Autumn
2013,2013-09,2013-09-27,69,61.0,52,93,73,52,14,7,6.0,,New York City (USA),Autumn
2013,2013-09,2013-09-28,74,65.0,56,86,64,41,15,7,3.0,,New York City (USA),Autumn
2013,2013-09,2013-09-29,72,63.0,54,93,72,51,13,6,3.0,,New York City (USA),Autumn
2013,2013-09,2013-09-30,72,62.0,52,93,69,44,13,7,3.0,,New York City (USA),Autumn
2013,2013-10,2013-10-01,81,70.0,58,84,57,30,17,8,2.0,,New York City (USA),Autumn
2013,2013-10,2013-10-02,85,73.0,60,84,62,40,21,9,0.0,,New York City (USA),Autumn
2013,2013-10,2013-10-03,77,69.0,60,84,60,36,14,6,5.0,,New York City (USA),Autumn
2013,2013-10,2013-10-04,80,71.0,62,87,73,58,17,6,5.0,,New York City (USA),Autumn
2013,2013-10,2013-10-05,76,70.0,64,93,79,64,12,7,7.0,Rain,New York City (USA),Autumn
2013,2013-10,2013-10-06,69,67.0,65,100,92,84,17,10,8.0,Rain,New York City (USA),Autumn
2013,2013-10,2013-10-07,78,70.0,61,97,79,60,33,17,7.0,Rain,New York City (USA),Autumn
2013,2013-10,2013-10-08,68,62.0,55,66,52,37,18,11,6.0,,New York City (USA),Autumn
2013,2013-10,2013-10-09,65,59.0,53,72,60,48,21,11,7.0,,New York City (USA),Autumn
2013,2013-10,2013-10-10,66,61.0,56,83,75,67,21,16,8.0,Rain,New York City (USA),Autumn
2013,2013-10,2013-10-11,69,65.0,60,84,74,63,22,16,7.0,Rain,New York City (USA),Autumn
2013,2013-10,2013-10-12,75,67.0,59,72,58,43,24,15,6.0,Rain,New York City (USA),Autumn
2013,2013-10,2013-10-13,68,60.0,51,77,65,52,22,11,4.0,,New York City (USA),Autumn
2013,2013-10,2013-10-14,66,58.0,49,83,68,52,10,6,3.0,,New York City (USA),Autumn
2013,2013-10,2013-10-15,70,60.0,50,93,63,33,16,6,2.0,,New York City (USA),Autumn
2013,2013-10,2013-10-16,67,61.0,54,97,85,73,9,5,8.0,,New York City (USA),Autumn
2013,2013-10,2013-10-17,72,67.0,61,100,84,68,22,11,7.0,Rain,New York City (USA),Autumn
2013,2013-10,2013-10-18,70,63.0,56,84,59,33,25,15,3.0,Rain,New York City (USA),Autumn
2013,2013-10,2013-10-19,65,58.0,50,84,68,51,21,7,6.0,Rain,New York City (USA),Autumn
2013,2013-10,2013-10-20,64,57.0,50,72,50,28,24,12,2.0,,New York City (USA),Autumn
2013,2013-10,2013-10-21,66,58.0,49,67,49,31,23,12,1.0,,New York City (USA),Autumn
2013,2013-10,2013-10-22,68,60.0,51,83,64,45,18,12,4.0,,New York City (USA),Autumn
2013,2013-10,2013-10-23,55,50.0,45,76,57,38,18,8,6.0,Rain,New York City (USA),Autumn
2013,2013-10,2013-10-24,56,49.0,41,70,48,26,24,15,2.0,,New York City (USA),Autumn
2013,2013-10,2013-10-25,56,48.0,39,82,56,29,24,13,2.0,,New York City (USA),Autumn
2013,2013-10,2013-10-26,56,49.0,41,82,56,30,25,14,2.0,Rain,New York City (USA),Autumn
2013,2013-10,2013-10-27,58,52.0,46,56,43,29,20,13,4.0,Rain,New York City (USA),Autumn
2013,2013-10,2013-10-28,60,50.0,40,79,54,29,16,9,3.0,,New York City (USA),Autumn
2013,2013-10,2013-10-29,58,51.0,44,71,48,23,12,7,4.0,,New York City (USA),Autumn
2013,2013-10,2013-10-30,61,53.0,44,89,72,54,10,5,7.0,,New York City (USA),Autumn
2013,2013-10,2013-10-31,67,60.0,53,90,82,73,25,12,7.0,Rain,New York City (USA),Autumn
2013,2013-11,2013-11-01,69,64.0,58,93,78,63,31,16,6.0,Rain,New York City (USA),Autumn
2013,2013-11,2013-11-02,67,60.0,53,93,66,39,15,7,5.0,,New York City (USA),Autumn
2013,2013-11,2013-11-03,56,47.0,38,71,58,44,25,15,4.0,,New York City (USA),Autumn
2013,2013-11,2013-11-04,48,41.0,34,48,37,26,18,10,3.0,,New York City (USA),Autumn
2013,2013-11,2013-11-05,56,47.0,38,77,64,50,13,7,6.0,,New York City (USA),Autumn
2013,2013-11,2013-11-06,61,52.0,43,93,73,53,18,9,6.0,,New York City (USA),Autumn
2013,2013-11,2013-11-07,64,54.0,44,93,71,49,29,14,6.0,Rain,New York City (USA),Autumn
2013,2013-11,2013-11-08,52,47.0,41,65,48,31,26,15,4.0,,New York City (USA),Autumn
2013,2013-11,2013-11-09,50,45.0,39,59,47,34,20,12,5.0,,New York City (USA),Autumn
2013,2013-11,2013-11-10,62,53.0,44,66,48,30,32,17,5.0,Rain,New York City (USA),Autumn
2013,2013-11,2013-11-11,54,49.0,43,50,43,35,24,14,6.0,,New York City (USA),Autumn
2013,2013-11,2013-11-12,52,42.0,32,89,63,37,30,17,7.0,Rain-Snow,New York City (USA),Autumn
2013,2013-11,2013-11-13,41,35.0,29,53,39,25,23,14,1.0,,New York City (USA),Autumn
2013,2013-11,2013-11-14,53,44.0,34,59,41,22,23,15,3.0,,New York City (USA),Autumn
2013,2013-11,2013-11-15,53,45.0,36,82,66,50,14,8,5.0,,New York City (USA),Autumn
2013,2013-11,2013-11-16,56,50.0,43,100,78,56,13,5,6.0,Rain,New York City (USA),Autumn
2013,2013-11,2013-11-17,62,54.0,46,100,92,84,12,7,8.0,Fog-Rain,New York City (USA),Autumn
2013,2013-11,2013-11-18,67,60.0,52,100,63,26,30,16,4.0,Fog-Rain,New York City (USA),Autumn
2013,2013-11,2013-11-19,52,44.0,36,52,43,33,31,21,2.0,,New York City (USA),Autumn
2013,2013-11,2013-11-20,46,39.0,31,61,40,19,23,10,4.0,,New York City (USA),Autumn
2013,2013-11,2013-11-21,52,42.0,31,71,58,45,13,7,6.0,,New York City (USA),Autumn
2013,2013-11,2013-11-22,57,53.0,49,93,82,71,15,8,8.0,Rain,New York City (USA),Autumn
2013,2013-11,2013-11-23,55,44.0,32,89,57,25,33,19,4.0,Snow,New York City (USA),Autumn
2013,2013-11,2013-11-24,32,28.0,24,40,30,19,39,24,3.0,,New York City (USA),Autumn
2013,2013-11,2013-11-25,36,30.0,23,50,43,35,22,14,4.0,,New York City (USA),Autumn
2013,2013-11,2013-11-26,53,44.0,34,96,70,44,23,9,8.0,Rain,New York City (USA),Autumn
2013,2013-11,2013-11-27,61,49.0,36,100,76,52,39,22,8.0,Rain,New York City (USA),Autumn
2013,2013-11,2013-11-28,37,34.0,30,56,43,29,33,16,3.0,,New York City (USA),Autumn
2013,2013-11,2013-11-29,41,36.0,30,53,45,37,20,9,4.0,,New York City (USA),Autumn
2013,2013-11,2013-11-30,44,35.0,25,67,54,40,13,7,5.0,,New York City (USA),Autumn
2013,2013-12,2013-12-01,49,43.0,37,76,66,56,10,7,7.0,,New York City (USA),Autumn
2013,2013-12,2013-12-02,51,45.0,38,86,69,52,9,4,6.0,,New York City (USA),Autumn
2013,2013-12,2013-12-03,54,46.0,38,92,71,50,12,6,4.0,,New York City (USA),Autumn
2013,2013-12,2013-12-04,51,43.0,35,89,73,56,9,4,6.0,,New York City (USA),Autumn
2013,2013-12,2013-12-05,56,52.0,47,100,93,86,16,7,8.0,Fog-Rain,New York City (USA),Autumn
2013,2013-12,2013-12-06,56,47.0,37,100,92,83,21,11,8.0,Fog-Rain,New York City (USA),Autumn
2013,2013-12,2013-12-07,43,38.0,32,85,64,43,20,13,6.0,Rain,New York City (USA),Autumn
2013,2013-12,2013-12-08,34,31.0,28,85,64,43,16,9,7.0,Rain-Snow,New York City (USA),Autumn
2013,2013-12,2013-12-09,42,37.0,32,96,88,79,20,12,8.0,Rain,New York City (USA),Autumn
2013,2013-12,2013-12-10,38,34.0,30,96,77,58,23,12,6.0,Fog-Rain-Snow,New York City (USA),Autumn
2013,2013-12,2013-12-11,32,30.0,27,59,54,49,24,18,2.0,,New York City (USA),Autumn
2013,2013-12,2013-12-12,30,27.0,23,57,46,35,26,16,2.0,,New York City (USA),Autumn
2013,2013-12,2013-12-13,36,30.0,24,56,47,38,26,15,5.0,,New York City (USA),Autumn
2013,2013-12,2013-12-14,43,34.0,25,92,74,56,24,15,8.0,Rain-Snow,New York City (USA),Autumn
2013,2013-12,2013-12-15,47,40.0,33,96,74,52,26,15,7.0,Rain,New York City (USA),Autumn
2013,2013-12,2013-12-16,35,30.0,25,61,47,32,28,14,3.0,,New York City (USA),Autumn
2013,2013-12,2013-12-17,34,30.0,25,88,65,42,21,10,8.0,Rain-Snow,New York City (USA),Autumn
2013,2013-12,2013-12-18,38,32.0,25,81,64,47,23,13,4.0,,New York City (USA),Autumn
2013,2013-12,2013-12-19,45,37.0,29,69,59,49,17,10,5.0,,New York City (USA),Autumn
2013,2013-12,2013-12-20,51,44.0,36,89,69,48,13,6,7.0,,New York City (USA),Autumn
2013,2013-12,2013-12-21,55,49.0,42,96,84,71,18,6,6.0,Fog,New York City (USA),Winter
2013,2013-12,2013-12-22,64,57.0,50,96,86,75,28,13,7.0,Fog-Rain,New York City (USA),Winter
2013,2013-12,2013-12-23,57,50.0,43,100,92,83,23,9,8.0,Fog-Rain,New York City (USA),Winter
2013,2013-12,2013-12-24,43,35.0,27,70,55,40,29,16,6.0,,New York City (USA),Winter
2013,2013-12,2013-12-25,32,26.0,20,58,46,34,29,10,4.0,,New York City (USA),Winter
2013,2013-12,2013-12-26,38,33.0,28,69,61,52,21,9,4.0,,New York City (USA),Winter
2013,2013-12,2013-12-27,42,37.0,31,64,51,38,21,11,2.0,,New York City (USA),Winter
2013,2013-12,2013-12-28,53,42.0,31,75,57,38,23,12,3.0,,New York City (USA),Winter
2013,2013-12,2013-12-29,49,44.0,38,93,75,57,25,10,7.0,Rain,New York City (USA),Winter
2013,2013-12,2013-12-30,47,36.0,24,86,65,43,24,14,4.0,,New York City (USA),Winter
2013,2013-12,2013-12-31,34,28.0,21,59,49,39,26,12,4.0,Snow,New York City (USA),Winter
2014,2014-01,2014-01-01,34,29.0,24,60,49,38,18,9,5.0,,New York City (USA),Winter
2014,2014-01,2014-01-02,33,26.0,19,91,71,51,29,18,8.0,Snow,New York City (USA),Winter
2014,2014-01,2014-01-03,19,14.0,9,88,65,42,33,20,3.0,Fog-Snow,New York City (USA),Winter
2014,2014-01,2014-01-04,31,17.0,3,67,52,36,17,7,3.0,,New York City (USA),Winter
2014,2014-01,2014-01-05,49,36.0,23,93,81,68,23,7,7.0,Fog-Rain,New York City (USA),Winter
2014,2014-01,2014-01-06,53,37.0,20,100,72,43,38,21,7.0,Fog-Rain-Snow,New York City (USA),Winter
2014,2014-01,2014-01-07,20,13.0,6,46,39,32,38,23,1.0,,New York City (USA),Winter
2014,2014-01,2014-01-08,24,17.0,10,52,44,36,22,13,3.0,,New York City (USA),Winter
2014,2014-01,2014-01-09,34,28.0,22,63,48,32,15,7,4.0,,New York City (USA),Winter
2014,2014-01,2014-01-10,38,31.0,24,92,78,63,7,4,8.0,Rain-Snow,New York City (USA),Winter
2014,2014-01,2014-01-11,54,46.0,38,100,96,92,31,16,8.0,Fog-Rain,New York City (USA),Winter
2014,2014-01,2014-01-12,52,43.0,33,100,70,39,28,15,5.0,,New York City (USA),Winter
2014,2014-01,2014-01-13,50,40.0,30,89,77,65,26,12,4.0,,New York City (USA),Winter
2014,2014-01,2014-01-14,48,46.0,43,100,88,76,18,9,8.0,Rain,New York City (USA),Winter
2014,2014-01,2014-01-15,44,38.0,32,100,93,86,12,5,6.0,Fog,New York City (USA),Winter
2014,2014-01,2014-01-16,42,39.0,35,93,78,62,16,7,8.0,Fog,New York City (USA),Winter
2014,2014-01,2014-01-17,45,37.0,28,85,71,57,20,7,4.0,,New York City (USA),Winter
2014,2014-01,2014-01-18,42,35.0,28,85,70,54,23,11,7.0,Rain-Snow-Thunderstorm,New York City (USA),Winter
2014,2014-01,2014-01-19,38,32.0,26,64,56,47,28,16,5.0,,New York City (USA),Winter
2014,2014-01,2014-01-20,48,41.0,33,70,54,38,26,15,6.0,Snow,New York City (USA),Winter
2014,2014-01,2014-01-21,33,23.0,13,84,63,42,26,16,8.0,Snow,New York City (USA),Winter
2014,2014-01,2014-01-22,18,13.0,7,76,58,39,32,19,5.0,Snow,New York City (USA),Winter
2014,2014-01,2014-01-23,21,15.0,8,63,53,43,24,14,4.0,,New York City (USA),Winter
2014,2014-01,2014-01-24,20,16.0,11,54,47,39,25,17,3.0,,New York City (USA),Winter
2014,2014-01,2014-01-25,30,25.0,20,84,65,46,37,21,7.0,Fog-Snow,New York City (USA),Winter
2014,2014-01,2014-01-26,36,27.0,18,68,51,34,32,17,5.0,Snow,New York City (USA),Winter
2014,2014-01,2014-01-27,45,34.0,22,82,54,25,28,14,7.0,,New York City (USA),Winter
2014,2014-01,2014-01-28,22,18.0,14,40,33,25,23,10,7.0,Snow,New York City (USA),Winter
2014,2014-01,2014-01-29,24,20.0,16,80,57,34,23,13,5.0,Snow,New York City (USA),Winter
2014,2014-01,2014-01-30,28,21.0,14,75,56,36,15,8,1.0,,New York City (USA),Winter
2014,2014-01,2014-01-31,43,34.0,25,63,45,27,17,9,7.0,,New York City (USA),Winter
2014,2014-02,2014-02-01,43,37.0,30,89,63,36,10,4,6.0,,New York City (USA),Winter
2014,2014-02,2014-02-02,52,41.0,30,100,75,50,16,7,7.0,Fog,New York City (USA),Winter
2014,2014-02,2014-02-03,44,36.0,28,89,77,65,18,12,8.0,Fog-Rain-Snow,New York City (USA),Winter
2014,2014-02,2014-02-04,35,29.0,22,78,70,61,14,6,5.0,,New York City (USA),Winter
2014,2014-02,2014-02-05,35,33.0,30,89,81,72,22,11,8.0,Rain-Snow,New York City (USA),Winter
2014,2014-02,2014-02-06,32,28.0,24,78,66,53,22,12,7.0,,New York City (USA),Winter
2014,2014-02,2014-02-07,32,29.0,25,68,57,45,21,13,4.0,,New York City (USA),Winter
2014,2014-02,2014-02-08,29,25.0,21,50,41,32,17,9,6.0,,New York City (USA),Winter
2014,2014-02,2014-02-09,30,25.0,20,92,64,36,17,9,6.0,Fog-Snow,New York City (USA),Winter
2014,2014-02,2014-02-10,29,25.0,21,81,60,38,24,15,3.0,,New York City (USA),Winter
2014,2014-02,2014-02-11,25,21.0,16,56,46,36,21,13,2.0,,New York City (USA),Winter
2014,2014-02,2014-02-12,27,20.0,12,68,52,36,17,8,6.0,,New York City (USA),Winter
2014,2014-02,2014-02-13,36,31.0,26,92,84,75,37,21,8.0,Fog-Rain-Snow,New York City (USA),Winter
2014,2014-02,2014-02-14,41,37.0,32,89,69,48,37,19,5.0,Rain-Snow,New York City (USA),Winter
2014,2014-02,2014-02-15,37,33.0,28,85,70,54,31,15,8.0,Fog-Rain-Snow,New York City (USA),Winter
2014,2014-02,2014-02-16,30,26.0,22,58,50,42,32,17,5.0,,New York City (USA),Winter
2014,2014-02,2014-02-17,32,26.0,19,57,42,26,31,10,3.0,,New York City (USA),Winter
2014,2014-02,2014-02-18,40,33.0,26,96,73,50,24,9,6.0,Snow,New York City (USA),Winter
2014,2014-02,2014-02-19,44,36.0,27,92,81,69,18,8,6.0,Fog-Rain,New York City (USA),Winter
2014,2014-02,2014-02-20,44,39.0,33,92,75,57,20,8,5.0,Rain,New York City (USA),Winter
2014,2014-02,2014-02-21,47,41.0,35,100,85,70,28,10,7.0,Fog-Rain,New York City (USA),Winter
2014,2014-02,2014-02-22,53,44.0,34,96,66,35,23,12,2.0,,New York City (USA),Winter
2014,2014-02,2014-02-23,55,45.0,35,89,62,35,23,7,6.0,,New York City (USA),Winter
2014,2014-02,2014-02-24,45,37.0,28,85,55,25,31,18,4.0,Rain,New York City (USA),Winter
2014,2014-02,2014-02-25,35,31.0,26,46,40,34,26,13,5.0,,New York City (USA),Winter
2014,2014-02,2014-02-26,33,27.0,20,85,56,26,24,12,6.0,Snow,New York City (USA),Winter
2014,2014-02,2014-02-27,35,25.0,15,56,40,24,32,15,3.0,Snow,New York City (USA),Winter
2014,2014-02,2014-02-28,26,19.0,11,41,29,17,30,11,1.0,,New York City (USA),Winter
2014,2014-03,2014-03-01,36,27.0,17,78,57,36,13,6,5.0,,New York City (USA),Winter
2014,2014-03,2014-03-02,43,37.0,30,78,59,40,16,8,8.0,Rain-Snow,New York City (USA),Winter
2014,2014-03,2014-03-03,35,27.0,18,81,60,39,23,14,7.0,Snow,New York City (USA),Winter
2014,2014-03,2014-03-04,29,21.0,13,55,46,36,18,8,6.0,,New York City (USA),Winter
2014,2014-03,2014-03-05,40,33.0,25,63,43,22,21,8,5.0,,New York City (USA),Winter
2014,2014-03,2014-03-06,31,24.0,17,57,44,31,21,10,4.0,,New York City (USA),Winter
2014,2014-03,2014-03-07,36,32.0,27,75,63,50,18,11,8.0,Rain,New York City (USA),Winter
2014,2014-03,2014-03-08,60,46.0,32,82,55,28,22,12,4.0,,New York City (USA),Winter
2014,2014-03,2014-03-09,47,42.0,36,52,36,19,24,14,6.0,Rain,New York City (USA),Winter
2014,2014-03,2014-03-10,51,43.0,35,79,59,38,22,10,7.0,Rain-Snow,New York City (USA),Winter
2014,2014-03,2014-03-11,65,52.0,38,82,57,31,18,9,7.0,,New York City (USA),Winter
2014,2014-03,2014-03-12,57,46.0,34,93,80,66,32,15,8.0,Rain,New York City (USA),Winter
2014,2014-03,2014-03-13,34,26.0,19,75,37,11,34,29,5.0,,New York City (USA),Winter
2014,2014-03,2014-03-14,42,32.0,22,76,52,27,28,15,5.0,,New York City (USA),Winter
2014,2014-03,2014-03-15,61,51.0,40,76,48,19,30,16,5.0,Rain,New York City (USA),Winter
2014,2014-03,2014-03-16,43,37.0,31,43,32,21,26,16,5.0,,New York City (USA),Winter
2014,2014-03,2014-03-17,34,30.0,25,37,30,22,22,11,7.0,Snow,New York City (USA),Winter
2014,2014-03,2014-03-18,43,34.0,25,72,48,23,20,9,2.0,,New York City (USA),Winter
2014,2014-03,2014-03-19,46,37.0,28,92,75,58,29,15,6.0,Rain,New York City (USA),Winter
2014,2014-03,2014-03-20,56,49.0,42,100,65,29,29,17,5.0,Rain,New York City (USA),Spring
2014,2014-03,2014-03-21,54,44.0,34,48,35,22,23,14,2.0,,New York City (USA),Spring
2014,2014-03,2014-03-22,65,50.0,35,76,49,22,116,14,4.0,,New York City (USA),Spring
2014,2014-03,2014-03-23,46,37.0,28,50,36,22,24,16,6.0,,New York City (USA),Spring
2014,2014-03,2014-03-24,36,29.0,22,44,33,22,25,12,3.0,,New York City (USA),Spring
2014,2014-03,2014-03-25,39,31.0,23,56,43,29,17,8,7.0,Snow,New York City (USA),Spring
2014,2014-03,2014-03-26,39,32.0,25,63,42,21,38,25,5.0,Snow,New York City (USA),Spring
2014,2014-03,2014-03-27,39,31.0,23,64,47,29,26,14,3.0,,New York City (USA),Spring
2014,2014-03,2014-03-28,51,44.0,36,82,76,70,24,13,8.0,Rain,New York City (USA),Spring
2014,2014-03,2014-03-29,52,47.0,41,93,84,74,22,11,7.0,Rain,New York City (USA),Spring
2014,2014-03,2014-03-30,55,48.0,40,96,90,83,28,17,8.0,Fog-Rain-Thunderstorm,New York City (USA),Spring
2014,2014-03,2014-03-31,56,45.0,34,79,60,41,30,20,6.0,Rain-Snow,New York City (USA),Spring
2014,2014-04,2014-04-01,57,47.0,37,76,56,35,16,10,2.0,,New York City (USA),Spring
2014,2014-04,2014-04-02,48,43.0,38,92,81,70,10,4,7.0,Rain,New York City (USA),Spring
2014,2014-04,2014-04-03,63,51.0,39,92,57,22,13,6,6.0,Rain,New York City (USA),Spring
2014,2014-04,2014-04-04,45,43.0,41,92,84,76,26,14,8.0,Rain,New York City (USA),Spring
2014,2014-04,2014-04-05,57,49.0,41,93,63,32,33,17,5.0,Rain,New York City (USA),Spring
2014,2014-04,2014-04-06,57,47.0,37,79,50,21,25,11,1.0,,New York City (USA),Spring
2014,2014-04,2014-04-07,51,44.0,37,93,74,54,26,11,8.0,Rain,New York City (USA),Spring
2014,2014-04,2014-04-08,66,57.0,47,93,65,37,30,14,7.0,Fog-Rain-Thunderstorm,New York City (USA),Spring
2014,2014-04,2014-04-09,64,54.0,43,65,43,20,30,15,2.0,,New York City (USA),Spring
2014,2014-04,2014-04-10,53,46.0,38,71,46,21,29,16,2.0,,New York City (USA),Spring
2014,2014-04,2014-04-11,69,58.0,47,86,61,35,20,9,7.0,Rain,New York City (USA),Spring
2014,2014-04,2014-04-12,68,59.0,49,83,56,29,18,8,4.0,,New York City (USA),Spring
2014,2014-04,2014-04-13,65,56.0,47,89,75,60,31,15,5.0,,New York City (USA),Spring
2014,2014-04,2014-04-14,66,59.0,51,93,77,60,36,23,6.0,Fog,New York City (USA),Spring
2014,2014-04,2014-04-15,56,45.0,34,96,88,79,33,23,8.0,Fog-Rain-Snow,New York City (USA),Spring
2014,2014-04,2014-04-16,49,41.0,32,64,44,23,31,16,4.0,Rain-Snow,New York City (USA),Spring
2014,2014-04,2014-04-17,47,41.0,35,70,55,40,22,13,3.0,,New York City (USA),Spring
2014,2014-04,2014-04-18,46,41.0,36,79,64,49,30,7,7.0,,New York City (USA),Spring
2014,2014-04,2014-04-19,68,54.0,40,85,51,16,20,10,6.0,,New York City (USA),Spring
2014,2014-04,2014-04-20,54,48.0,42,60,44,28,22,12,5.0,,New York City (USA),Spring
2014,2014-04,2014-04-21,58,48.0,37,86,58,30,13,6,3.0,,New York City (USA),Spring
2014,2014-04,2014-04-22,62,54.0,45,93,77,60,24,9,6.0,Rain,New York City (USA),Spring
2014,2014-04,2014-04-23,63,54.0,45,83,59,35,37,23,5.0,,New York City (USA),Spring
2014,2014-04,2014-04-24,64,54.0,43,53,32,10,31,21,1.0,,New York City (USA),Spring
2014,2014-04,2014-04-25,59,51.0,43,77,50,22,18,10,5.0,Rain,New York City (USA),Spring
2014,2014-04,2014-04-26,67,57.0,46,93,65,37,22,10,7.0,Rain,New York City (USA),Spring
2014,2014-04,2014-04-27,61,54.0,46,86,60,33,23,14,4.0,,New York City (USA),Spring
2014,2014-04,2014-04-28,66,56.0,45,74,48,22,22,10,5.0,,New York City (USA),Spring
2014,2014-04,2014-04-29,51,48.0,44,77,69,61,31,20,8.0,Rain,New York City (USA),Spring
2014,2014-04,2014-04-30,56,49.0,42,100,88,76,31,19,8.0,Rain,New York City (USA),Spring
2014,2014-05,2014-05-01,71,62.0,53,100,89,78,23,13,7.0,Fog-Rain,New York City (USA),Spring
2014,2014-05,2014-05-02,69,61.0,52,72,51,30,24,11,6.0,Rain,New York City (USA),Spring
2014,2014-05,2014-05-03,66,58.0,49,89,65,40,23,10,5.0,Rain,New York City (USA),Spring
2014,2014-05,2014-05-04,66,60.0,53,83,53,22,32,19,5.0,,New York City (USA),Spring
2014,2014-05,2014-05-05,69,60.0,50,54,35,15,33,17,3.0,,New York City (USA),Spring
2014,2014-05,2014-05-06,69,60.0,50,51,37,22,22,10,4.0,,New York City (USA),Spring
2014,2014-05,2014-05-07,64,57.0,50,77,51,25,20,10,6.0,,New York City (USA),Spring
2014,2014-05,2014-05-08,58,55.0,51,100,83,66,12,5,8.0,Rain,New York City (USA),Spring
2014,2014-05,2014-05-09,63,60.0,56,100,92,84,15,9,8.0,Fog-Rain-Thunderstorm,New York City (USA),Spring
2014,2014-05,2014-05-10,77,66.0,54,100,80,60,32,9,7.0,Fog-Rain,New York City (USA),Spring
2014,2014-05,2014-05-11,79,70.0,61,93,61,29,21,9,3.0,Rain,New York City (USA),Spring
2014,2014-05,2014-05-12,76,66.0,56,87,65,43,22,8,5.0,,New York City (USA),Spring
2014,2014-05,2014-05-13,70,61.0,51,90,63,36,23,12,6.0,,New York City (USA),Spring
2014,2014-05,2014-05-14,64,57.0,50,90,79,67,14,8,7.0,,New York City (USA),Spring
2014,2014-05,2014-05-15,71,66.0,60,97,85,73,24,15,8.0,Rain,New York City (USA),Spring
2014,2014-05,2014-05-16,66,63.0,60,100,94,87,33,21,8.0,Rain,New York City (USA),Spring
2014,2014-05,2014-05-17,70,63.0,55,84,60,36,22,10,4.0,Rain,New York City (USA),Spring
2014,2014-05,2014-05-18,69,61.0,52,64,47,29,20,10,3.0,,New York City (USA),Spring
2014,2014-05,2014-05-19,74,62.0,50,55,38,20,26,11,2.0,,New York City (USA),Spring
2014,2014-05,2014-05-20,79,67.0,55,60,39,17,22,11,3.0,,New York City (USA),Spring
2014,2014-05,2014-05-21,75,68.0,60,84,60,36,14,8,7.0,,New York City (USA),Spring
2014,2014-05,2014-05-22,62,60.0,58,93,83,72,15,7,8.0,Rain-Thunderstorm,New York City (USA),Spring
2014,2014-05,2014-05-23,69,63.0,57,93,80,66,20,7,8.0,Rain-Thunderstorm,New York City (USA),Spring
2014,2014-05,2014-05-24,70,64.0,57,93,74,55,16,8,7.0,Rain,New York City (USA),Spring
2014,2014-05,2014-05-25,78,67.0,56,93,63,33,21,9,3.0,,New York City (USA),Spring
2014,2014-05,2014-05-26,85,73.0,60,84,57,29,23,13,6.0,,New York City (USA),Spring
2014,2014-05,2014-05-27,84,74.0,64,78,61,43,22,9,7.0,,New York City (USA),Spring
2014,2014-05,2014-05-28,67,60.0,53,86,75,64,20,12,8.0,,New York City (USA),Spring
2014,2014-05,2014-05-29,62,57.0,52,71,62,53,15,8,6.0,,New York City (USA),Spring
2014,2014-05,2014-05-30,70,62.0,53,84,64,44,20,7,5.0,Rain,New York City (USA),Spring
2014,2014-05,2014-05-31,72,64.0,55,77,60,42,26,11,3.0,,New York City (USA),Spring
2014,2014-06,2014-06-01,75,65.0,54,72,49,25,14,8,3.0,,New York City (USA),Spring
2014,2014-06,2014-06-02,74,66.0,57,78,60,41,22,10,1.0,,New York City (USA),Spring
2014,2014-06,2014-06-03,80,71.0,62,87,69,51,22,8,3.0,Rain,New York City (USA),Spring
2014,2014-06,2014-06-04,82,73.0,63,90,69,48,21,7,7.0,,New York City (USA),Spring
2014,2014-06,2014-06-05,77,70.0,62,93,66,38,23,12,7.0,Rain,New York City (USA),Spring
2014,2014-06,2014-06-06,79,71.0,63,56,46,36,21,13,5.0,,New York City (USA),Spring
2014,2014-06,2014-06-07,80,71.0,61,68,52,36,16,8,2.0,,New York City (USA),Spring
2014,2014-06,2014-06-08,85,73.0,61,90,61,31,14,6,5.0,,New York City (USA),Spring
2014,2014-06,2014-06-09,68,66.0,63,93,85,76,14,6,8.0,Rain-Thunderstorm,New York City (USA),Spring
2014,2014-06,2014-06-10,78,73.0,67,93,81,69,12,5,7.0,,New York City (USA),Spring
2014,2014-06,2014-06-11,70,66.0,61,90,76,61,20,12,8.0,Rain,New York City (USA),Spring
2014,2014-06,2014-06-12,76,69.0,61,93,84,74,21,11,8.0,Rain,New York City (USA),Spring
2014,2014-06,2014-06-13,81,74.0,67,93,84,74,21,8,8.0,Fog-Rain-Thunderstorm,New York City (USA),Spring
2014,2014-06,2014-06-14,79,71.0,62,100,69,37,28,13,6.0,,New York City (USA),Spring
2014,2014-06,2014-06-15,82,71.0,60,72,53,34,22,12,4.0,,New York City (USA),Spring
2014,2014-06,2014-06-16,77,71.0,64,81,57,33,14,8,5.0,,New York City (USA),Spring
2014,2014-06,2014-06-17,82,75.0,68,87,75,62,18,8,6.0,,New York City (USA),Spring
2014,2014-06,2014-06-18,91,83.0,74,82,57,31,28,12,4.0,,New York City (USA),Spring
2014,2014-06,2014-06-19,76,73.0,69,90,77,64,23,8,6.0,Rain,New York City (USA),Spring
2014,2014-06,2014-06-20,83,74.0,65,90,56,22,18,11,5.0,,New York City (USA),Spring
2014,2014-06,2014-06-21,75,69.0,62,84,59,33,15,8,5.0,,New York City (USA),Summer
2014,2014-06,2014-06-22,77,69.0,61,90,64,38,14,6,3.0,,New York City (USA),Summer
2014,2014-06,2014-06-23,81,72.0,62,90,63,36,20,8,4.0,,New York City (USA),Summer
2014,2014-06,2014-06-24,79,72.0,65,87,73,58,29,14,4.0,,New York City (USA),Summer
2014,2014-06,2014-06-25,83,76.0,68,90,80,69,24,13,7.0,,New York City (USA),Summer
2014,2014-06,2014-06-26,89,80.0,70,93,70,46,18,8,6.0,Rain,New York City (USA),Summer
2014,2014-06,2014-06-27,79,72.0,65,81,65,48,17,8,5.0,,New York City (USA),Summer
2014,2014-06,2014-06-28,86,76.0,66,78,55,32,16,8,4.0,,New York City (USA),Summer
2014,2014-06,2014-06-29,79,72.0,65,84,65,45,20,9,6.0,,New York City (USA),Summer
2014,2014-06,2014-06-30,80,74.0,67,93,78,62,24,13,5.0,,New York City (USA),Summer
2014,2014-07,2014-07-01,84,78.0,71,90,78,65,30,15,5.0,,New York City (USA),Summer
2014,2014-07,2014-07-02,85,78.0,71,84,75,65,30,12,5.0,Rain-Thunderstorm,New York City (USA),Summer
2014,2014-07,2014-07-03,85,78.0,71,93,79,65,28,9,7.0,Rain-Thunderstorm,New York City (USA),Summer
2014,2014-07,2014-07-04,76,71.0,66,93,71,49,31,15,7.0,Rain,New York City (USA),Summer
2014,2014-07,2014-07-05,84,75.0,65,57,42,27,25,14,1.0,,New York City (USA),Summer
2014,2014-07,2014-07-06,83,75.0,66,79,58,36,23,13,3.0,,New York City (USA),Summer
2014,2014-07,2014-07-07,83,77.0,70,79,69,58,21,12,4.0,,New York City (USA),Summer
2014,2014-07,2014-07-08,88,80.0,72,84,69,53,32,15,6.0,,New York City (USA),Summer
2014,2014-07,2014-07-09,84,78.0,71,84,70,55,22,12,5.0,,New York City (USA),Summer
2014,2014-07,2014-07-10,85,78.0,71,79,61,43,15,6,6.0,Rain-Thunderstorm,New York City (USA),Summer
2014,2014-07,2014-07-11,85,76.0,67,87,60,32,15,7,4.0,,New York City (USA),Summer
2014,2014-07,2014-07-12,82,74.0,66,97,74,51,20,10,4.0,Fog,New York City (USA),Summer
2014,2014-07,2014-07-13,80,75.0,69,97,86,74,29,16,6.0,Rain,New York City (USA),Summer
2014,2014-07,2014-07-14,83,77.0,70,93,79,65,21,7,7.0,Rain-Thunderstorm,New York City (USA),Summer
2014,2014-07,2014-07-15,82,76.0,69,97,88,79,17,7,8.0,Rain-Thunderstorm,New York City (USA),Summer
2014,2014-07,2014-07-16,83,77.0,70,93,64,34,18,9,7.0,Rain,New York City (USA),Summer
2014,2014-07,2014-07-17,82,75.0,67,68,54,39,15,9,5.0,,New York City (USA),Summer
2014,2014-07,2014-07-18,84,75.0,65,78,52,26,16,7,4.0,,New York City (USA),Summer
2014,2014-07,2014-07-19,79,74.0,68,68,56,43,15,7,7.0,,New York City (USA),Summer
2014,2014-07,2014-07-20,78,73.0,68,76,66,56,20,9,6.0,Rain,New York City (USA),Summer
2014,2014-07,2014-07-21,83,74.0,65,84,62,40,14,7,3.0,,New York City (USA),Summer
2014,2014-07,2014-07-22,84,76.0,68,78,68,58,25,13,2.0,,New York City (USA),Summer
2014,2014-07,2014-07-23,83,77.0,71,79,72,64,28,13,4.0,Rain-Thunderstorm,New York City (USA),Summer
2014,2014-07,2014-07-24,83,78.0,72,82,61,40,20,11,7.0,Rain,New York City (USA),Summer
2014,2014-07,2014-07-25,83,75.0,67,73,52,31,16,10,3.0,,New York City (USA),Summer
2014,2014-07,2014-07-26,81,75.0,69,87,73,58,18,10,5.0,Rain,New York City (USA),Summer
2014,2014-07,2014-07-27,84,78.0,71,90,78,65,22,12,6.0,Rain,New York City (USA),Summer
2014,2014-07,2014-07-28,84,77.0,69,90,67,44,31,16,5.0,Rain-Thunderstorm,New York City (USA),Summer
2014,2014-07,2014-07-29,79,72.0,64,68,50,32,21,11,4.0,,New York City (USA),Summer
2014,2014-07,2014-07-30,80,72.0,64,73,54,35,20,9,3.0,,New York City (USA),Summer
2014,2014-07,2014-07-31,82,74.0,65,84,65,45,23,12,4.0,,New York City (USA),Summer
2014,2014-08,2014-08-01,82,77.0,71,93,78,62,18,8,7.0,Rain,New York City (USA),Summer
2014,2014-08,2014-08-02,76,71.0,65,93,77,60,18,8,8.0,Rain,New York City (USA),Summer
2014,2014-08,2014-08-03,78,72.0,66,93,79,64,10,5,7.0,Rain,New York City (USA),Summer
2014,2014-08,2014-08-04,81,76.0,70,87,75,62,21,10,6.0,,New York City (USA),Summer
2014,2014-08,2014-08-05,85,78.0,70,90,71,51,18,8,3.0,,New York City (USA),Summer
2014,2014-08,2014-08-06,85,78.0,71,79,57,34,24,9,5.0,Rain,New York City (USA),Summer
2014,2014-08,2014-08-07,86,77.0,67,63,45,27,24,11,2.0,,New York City (USA),Summer
2014,2014-08,2014-08-08,84,75.0,65,73,50,26,16,6,4.0,,New York City (USA),Summer
2014,2014-08,2014-08-09,86,76.0,66,73,51,29,15,7,2.0,,New York City (USA),Summer
2014,2014-08,2014-08-10,87,78.0,68,79,55,30,14,7,3.0,,New York City (USA),Summer
2014,2014-08,2014-08-11,84,76.0,67,84,62,40,14,8,4.0,,New York City (USA),Summer
2014,2014-08,2014-08-12,80,76.0,72,87,77,67,32,15,8.0,Rain,New York City (USA),Summer
2014,2014-08,2014-08-13,85,77.0,68,93,72,51,35,14,7.0,Rain,New York City (USA),Summer
2014,2014-08,2014-08-14,80,73.0,65,70,51,32,21,13,3.0,,New York City (USA),Summer
2014,2014-08,2014-08-15,76,69.0,62,61,50,38,20,11,5.0,,New York City (USA),Summer
2014,2014-08,2014-08-16,77,70.0,63,79,59,39,17,10,5.0,,New York City (USA),Summer
2014,2014-08,2014-08-17,85,76.0,66,78,57,36,18,11,5.0,,New York City (USA),Summer
2014,2014-08,2014-08-18,82,73.0,63,84,59,34,17,8,3.0,,New York City (USA),Summer
2014,2014-08,2014-08-19,80,72.0,64,87,74,60,14,7,4.0,,New York City (USA),Summer
2014,2014-08,2014-08-20,80,73.0,66,93,71,48,13,5,4.0,,New York City (USA),Summer
2014,2014-08,2014-08-21,79,73.0,67,79,63,47,15,7,6.0,Rain-Thunderstorm,New York City (USA),Summer
2014,2014-08,2014-08-22,78,73.0,67,93,75,57,16,8,7.0,Rain,New York City (USA),Summer
2014,2014-08,2014-08-23,74,70.0,66,81,71,61,14,6,7.0,,New York City (USA),Summer
2014,2014-08,2014-08-24,81,72.0,62,90,68,45,17,6,3.0,,New York City (USA),Summer
2014,2014-08,2014-08-25,87,75.0,63,87,61,34,12,5,1.0,,New York City (USA),Summer
2014,2014-08,2014-08-26,82,75.0,67,90,71,51,14,7,3.0,,New York City (USA),Summer
2014,2014-08,2014-08-27,86,77.0,67,84,68,51,17,9,2.0,,New York City (USA),Summer
2014,2014-08,2014-08-28,84,76.0,68,84,57,30,23,13,3.0,,New York City (USA),Summer
2014,2014-08,2014-08-29,78,71.0,63,68,50,32,15,9,4.0,,New York City (USA),Summer
2014,2014-08,2014-08-30,78,71.0,63,79,67,54,18,10,6.0,,New York City (USA),Summer
2014,2014-08,2014-08-31,85,79.0,73,88,79,69,25,10,7.0,Rain-Thunderstorm,New York City (USA),Summer
2014,2014-09,2014-09-01,86,80.0,74,88,73,57,16,9,6.0,Rain,New York City (USA),Summer
2014,2014-09,2014-09-02,92,83.0,74,94,72,49,25,11,4.0,,New York City (USA),Summer
2014,2014-09,2014-09-03,88,80.0,72,76,53,29,21,9,5.0,,New York City (USA),Summer
2014,2014-09,2014-09-04,85,77.0,68,87,66,44,21,9,2.0,Fog,New York City (USA),Summer
2014,2014-09,2014-09-05,85,78.0,71,94,80,65,18,10,4.0,,New York City (USA),Summer
2014,2014-09,2014-09-06,86,77.0,68,94,78,62,23,11,6.0,Rain-Thunderstorm,New York City (USA),Summer
2014,2014-09,2014-09-07,82,74.0,66,78,57,36,18,7,6.0,,New York City (USA),Summer
2014,2014-09,2014-09-08,78,72.0,65,78,61,43,18,11,6.0,,New York City (USA),Summer
2014,2014-09,2014-09-09,75,70.0,64,73,66,58,17,11,7.0,,New York City (USA),Summer
2014,2014-09,2014-09-10,78,71.0,63,84,66,47,13,8,5.0,,New York City (USA),Summer
2014,2014-09,2014-09-11,85,77.0,69,84,73,61,22,13,6.0,,New York City (USA),Summer
2014,2014-09,2014-09-12,79,71.0,63,68,52,36,18,11,5.0,,New York City (USA),Summer
2014,2014-09,2014-09-13,70,65.0,60,93,77,61,24,11,7.0,Rain,New York City (USA),Summer
2014,2014-09,2014-09-14,72,63.0,54,78,55,31,18,9,4.0,,New York City (USA),Summer
2014,2014-09,2014-09-15,71,63.0,55,77,55,33,14,8,3.0,,New York City (USA),Summer
2014,2014-09,2014-09-16,67,64.0,60,90,79,67,8,5,7.0,Rain,New York City (USA),Summer
2014,2014-09,2014-09-17,73,64.0,55,86,58,29,15,6,2.0,,New York City (USA),Summer
2014,2014-09,2014-09-18,78,68.0,57,78,55,31,16,6,2.0,,New York City (USA),Summer
2014,2014-09,2014-09-19,67,62.0,56,75,60,44,18,11,3.0,,New York City (USA),Summer
2014,2014-09,2014-09-20,75,65.0,54,84,69,53,21,9,6.0,,New York City (USA),Summer
2014,2014-09,2014-09-21,77,72.0,67,97,88,79,16,5,7.0,Rain,New York City (USA),Summer
2014,2014-09,2014-09-22,73,64.0,55,73,56,38,25,16,5.0,Rain,New York City (USA),Summer
2014,2014-09,2014-09-23,69,60.0,51,72,58,43,14,6,3.0,,New York City (USA),Autumn
2014,2014-09,2014-09-24,72,64.0,56,86,64,41,20,10,6.0,,New York City (USA),Autumn
2014,2014-09,2014-09-25,64,62.0,60,90,77,63,22,15,7.0,Rain,New York City (USA),Autumn
2014,2014-09,2014-09-26,79,69.0,59,84,58,31,18,8,2.0,,New York City (USA),Autumn
2014,2014-09,2014-09-27,84,73.0,62,81,58,34,14,7,0.0,,New York City (USA),Autumn
2014,2014-09,2014-09-28,78,70.0,62,93,74,54,15,7,4.0,,New York City (USA),Autumn
2014,2014-09,2014-09-29,78,71.0,64,87,71,54,14,5,7.0,Rain,New York City (USA),Autumn
2014,2014-09,2014-09-30,70,66.0,62,93,77,61,12,6,7.0,Rain,New York City (USA),Autumn
2014,2014-10,2014-10-01,67,65.0,62,84,79,73,16,11,8.0,Rain,New York City (USA),Autumn
2014,2014-10,2014-10-02,68,65.0,61,84,74,63,20,8,7.0,,New York City (USA),Autumn
2014,2014-10,2014-10-03,68,62.0,55,84,68,52,14,7,5.0,,New York City (USA),Autumn
2014,2014-10,2014-10-04,72,62.0,52,90,69,47,28,16,6.0,Rain,New York City (USA),Autumn
2014,2014-10,2014-10-05,61,54.0,47,56,46,36,21,13,1.0,,New York City (USA),Autumn
2014,2014-10,2014-10-06,70,58.0,45,82,61,40,25,14,1.0,,New York City (USA),Autumn
2014,2014-10,2014-10-07,74,70.0,65,87,67,46,28,17,6.0,Rain,New York City (USA),Autumn
2014,2014-10,2014-10-08,75,69.0,62,84,59,33,33,17,5.0,Rain,New York City (USA),Autumn
2014,2014-10,2014-10-09,69,63.0,56,57,44,30,24,14,4.0,,New York City (USA),Autumn
2014,2014-10,2014-10-10,64,58.0,52,57,46,34,15,6,6.0,,New York City (USA),Autumn
2014,2014-10,2014-10-11,59,55.0,50,93,75,57,17,8,7.0,Rain,New York City (USA),Autumn
2014,2014-10,2014-10-12,65,56.0,46,86,59,31,15,7,3.0,,New York City (USA),Autumn
2014,2014-10,2014-10-13,66,56.0,46,93,77,60,15,6,7.0,Rain,New York City (USA),Autumn
2014,2014-10,2014-10-14,75,70.0,64,93,81,68,22,13,6.0,,New York City (USA),Autumn
2014,2014-10,2014-10-15,76,72.0,68,90,82,74,23,17,7.0,Rain,New York City (USA),Autumn
2014,2014-10,2014-10-16,71,66.0,60,93,82,70,24,13,7.0,Rain,New York City (USA),Autumn
2014,2014-10,2014-10-17,72,66.0,60,84,67,49,21,13,3.0,,New York City (USA),Autumn
2014,2014-10,2014-10-18,72,65.0,57,84,62,39,22,13,6.0,,New York City (USA),Autumn
2014,2014-10,2014-10-19,58,51.0,44,59,44,29,29,17,4.0,,New York City (USA),Autumn
2014,2014-10,2014-10-20,61,52.0,42,62,51,40,20,10,6.0,,New York City (USA),Autumn
2014,2014-10,2014-10-21,67,60.0,53,86,69,52,14,6,6.0,Rain,New York City (USA),Autumn
2014,2014-10,2014-10-22,58,55.0,52,89,78,67,31,18,8.0,Rain-Thunderstorm,New York City (USA),Autumn
2014,2014-10,2014-10-23,54,53.0,51,89,80,71,29,21,8.0,Rain,New York City (USA),Autumn
2014,2014-10,2014-10-24,63,57.0,51,83,68,52,23,11,6.0,,New York City (USA),Autumn
2014,2014-10,2014-10-25,68,59.0,50,60,50,39,22,12,2.0,,New York City (USA),Autumn
2014,2014-10,2014-10-26,65,60.0,54,72,52,31,29,17,5.0,,New York City (USA),Autumn
2014,2014-10,2014-10-27,64,57.0,50,71,54,36,18,11,2.0,,New York City (USA),Autumn
2014,2014-10,2014-10-28,70,59.0,48,90,69,47,15,7,5.0,,New York City (USA),Autumn
2014,2014-10,2014-10-29,74,63.0,52,93,65,37,24,10,7.0,Rain,New York City (USA),Autumn
2014,2014-10,2014-10-30,61,54.0,46,93,66,39,18,9,2.0,Fog,New York City (USA),Autumn
2014,2014-10,2014-10-31,55,51.0,46,77,64,50,23,10,7.0,Rain,New York City (USA),Autumn
2014,2014-11,2014-11-01,49,46.0,43,86,76,66,25,18,8.0,Rain,New York City (USA),Autumn
2014,2014-11,2014-11-02,50,46.0,41,76,52,28,44,26,6.0,Rain,New York City (USA),Autumn
2014,2014-11,2014-11-03,61,51.0,40,59,39,19,31,15,3.0,,New York City (USA),Autumn
2014,2014-11,2014-11-04,67,59.0,50,67,47,26,17,10,6.0,,New York City (USA),Autumn
2014,2014-11,2014-11-05,65,59.0,52,77,52,27,21,10,7.0,,New York City (USA),Autumn
2014,2014-11,2014-11-06,54,52.0,49,93,80,66,14,6,8.0,Rain,New York City (USA),Autumn
2014,2014-11,2014-11-07,54,48.0,41,86,66,45,29,18,5.0,Rain,New York City (USA),Autumn
2014,2014-11,2014-11-08,48,42.0,36,64,53,41,22,12,5.0,,New York City (USA),Autumn
2014,2014-11,2014-11-09,57,51.0,44,76,58,40,17,8,5.0,,New York City (USA),Autumn
2014,2014-11,2014-11-10,59,49.0,38,85,63,40,10,4,2.0,,New York City (USA),Autumn
2014,2014-11,2014-11-11,64,53.0,42,93,83,72,15,5,6.0,Fog,New York City (USA),Autumn
2014,2014-11,2014-11-12,66,56.0,45,100,72,43,23,7,5.0,Fog-Rain,New York City (USA),Autumn
2014,2014-11,2014-11-13,49,44.0,38,85,64,42,16,8,5.0,Rain,New York City (USA),Autumn
2014,2014-11,2014-11-14,44,41.0,37,85,57,29,23,14,5.0,Rain,New York City (USA),Autumn
2014,2014-11,2014-11-15,43,37.0,30,56,43,30,17,9,2.0,,New York City (USA),Autumn
2014,2014-11,2014-11-16,45,38.0,31,72,57,41,15,7,7.0,Rain,New York City (USA),Autumn
2014,2014-11,2014-11-17,55,48.0,40,96,83,70,29,9,8.0,Rain,New York City (USA),Autumn
2014,2014-11,2014-11-18,46,36.0,25,70,48,25,32,24,2.0,,New York City (USA),Autumn
2014,2014-11,2014-11-19,37,30.0,23,47,38,29,28,16,3.0,,New York City (USA),Autumn
2014,2014-11,2014-11-20,48,40.0,32,49,38,27,24,17,5.0,,New York City (USA),Autumn
2014,2014-11,2014-11-21,38,33.0,28,42,35,27,25,16,1.0,,New York City (USA),Autumn
2014,2014-11,2014-11-22,44,35.0,26,53,42,30,24,14,4.0,,New York City (USA),Autumn
2014,2014-11,2014-11-23,55,49.0,43,89,62,35,18,10,7.0,,New York City (USA),Autumn
2014,2014-11,2014-11-24,64,60.0,55,93,86,78,35,20,6.0,Rain,New York City (USA),Autumn
2014,2014-11,2014-11-25,62,55.0,48,93,62,30,21,11,7.0,,New York City (USA),Autumn
2014,2014-11,2014-11-26,52,44.0,36,92,65,38,26,16,8.0,Rain-Snow,New York City (USA),Autumn
2014,2014-11,2014-11-27,39,38.0,36,89,74,59,22,11,8.0,Rain-Snow,New York City (USA),Autumn
2014,2014-11,2014-11-28,41,35.0,28,69,55,40,24,14,3.0,,New York City (USA),Autumn
2014,2014-11,2014-11-29,46,36.0,26,65,52,38,18,6,7.0,,New York City (USA),Autumn
2014,2014-11,2014-11-30,53,49.0,45,80,62,44,22,10,7.0,,New York City (USA),Autumn
2014,2014-12,2014-12-01,62,52.0,42,86,71,55,26,9,7.0,Rain,New York City (USA),Autumn
2014,2014-12,2014-12-02,47,42.0,36,89,67,44,21,14,8.0,Rain,New York City (USA),Autumn
2014,2014-12,2014-12-03,48,45.0,42,92,75,57,23,11,7.0,Rain,New York City (USA),Autumn
2014,2014-12,2014-12-04,47,42.0,36,64,49,34,17,10,5.0,,New York City (USA),Autumn
2014,2014-12,2014-12-05,50,43.0,35,93,73,52,20,10,7.0,Rain,New York City (USA),Autumn
2014,2014-12,2014-12-06,52,47.0,41,96,88,80,26,7,8.0,Rain,New York City (USA),Autumn
2014,2014-12,2014-12-07,44,38.0,31,86,56,25,32,22,4.0,Rain,New York City (USA),Autumn
2014,2014-12,2014-12-08,37,32.0,26,75,52,28,23,15,7.0,,New York City (USA),Autumn
2014,2014-12,2014-12-09,48,43.0,37,92,84,76,38,22,8.0,Rain,New York City (USA),Autumn
2014,2014-12,2014-12-10,42,38.0,34,89,77,64,24,16,8.0,Rain-Snow,New York City (USA),Autumn
2014,2014-12,2014-12-11,40,36.0,32,78,69,59,26,17,7.0,Snow,New York City (USA),Autumn
2014,2014-12,2014-12-12,41,37.0,33,64,56,48,25,16,6.0,,New York City (USA),Autumn
2014,2014-12,2014-12-13,47,41.0,34,69,55,40,24,16,4.0,,New York City (USA),Autumn
2014,2014-12,2014-12-14,47,42.0,37,70,62,53,17,12,4.0,,New York City (USA),Autumn
2014,2014-12,2014-12-15,48,41.0,34,79,66,53,12,5,2.0,,New York City (USA),Autumn
2014,2014-12,2014-12-16,50,42.0,33,93,82,71,14,4,7.0,Rain,New York City (USA),Autumn
2014,2014-12,2014-12-17,55,49.0,43,93,72,50,24,13,7.0,Rain,New York City (USA),Autumn
2014,2014-12,2014-12-18,44,41.0,38,59,50,41,30,16,5.0,,New York City (USA),Autumn
2014,2014-12,2014-12-19,40,36.0,32,59,52,44,22,15,5.0,,New York City (USA),Autumn
2014,2014-12,2014-12-20,34,33.0,31,63,60,56,14,6,8.0,,New York City (USA),Autumn
2014,2014-12,2014-12-21,38,36.0,33,82,72,61,13,7,8.0,Snow,New York City (USA),Winter
2014,2014-12,2014-12-22,48,43.0,37,86,78,70,18,9,8.0,Rain,New York City (USA),Winter
2014,2014-12,2014-12-23,50,49.0,47,93,90,86,20,11,8.0,Rain,New York City (USA),Winter
2014,2014-12,2014-12-24,57,52.0,47,100,93,86,25,10,8.0,Fog-Rain,New York City (USA),Winter
2014,2014-12,2014-12-25,57,50.0,42,96,66,35,30,17,5.0,Fog-Rain,New York City (USA),Winter
2014,2014-12,2014-12-26,51,45.0,38,70,56,42,16,11,1.0,,New York City (USA),Winter
2014,2014-12,2014-12-27,54,46.0,37,79,62,45,14,6,4.0,,New York City (USA),Winter
2014,2014-12,2014-12-28,54,48.0,42,83,69,54,21,10,7.0,Rain,New York City (USA),Winter
2014,2014-12,2014-12-29,46,41.0,35,53,42,31,20,11,6.0,,New York City (USA),Winter
2014,2014-12,2014-12-30,36,32.0,28,59,48,36,17,9,5.0,,New York City (USA),Winter
2014,2014-12,2014-12-31,34,31.0,28,50,41,32,18,11,3.0,,New York City (USA),Winter
2015,2015-01,2015-01-01,40,34.0,28,50,40,29,26,17,1.0,,New York City (USA),Winter
2015,2015-01,2015-01-02,45,40.0,35,59,45,31,24,14,4.0,,New York City (USA),Winter
2015,2015-01,2015-01-03,47,39.0,30,93,71,48,18,9,7.0,Rain,New York City (USA),Winter
2015,2015-01,2015-01-04,55,49.0,43,96,87,77,28,10,8.0,Fog-Rain,New York City (USA),Winter
2015,2015-01,2015-01-05,51,37.0,23,59,42,24,33,20,3.0,,New York City (USA),Winter
2015,2015-01,2015-01-06,23,21.0,19,77,56,34,23,9,7.0,Snow,New York City (USA),Winter
2015,2015-01,2015-01-07,25,18.0,10,68,50,31,40,21,4.0,,New York City (USA),Winter
2015,2015-01,2015-01-08,22,15.0,8,53,46,38,33,17,3.0,,New York City (USA),Winter
2015,2015-01,2015-01-09,34,28.0,21,88,62,35,33,20,6.0,Snow,New York City (USA),Winter
2015,2015-01,2015-01-10,24,21.0,18,47,41,34,25,17,1.0,,New York City (USA),Winter
2015,2015-01,2015-01-11,38,29.0,20,56,46,36,21,11,6.0,,New York City (USA),Winter
2015,2015-01,2015-01-12,40,37.0,34,92,72,52,16,6,8.0,Rain,New York City (USA),Winter
2015,2015-01,2015-01-13,37,28.0,19,76,57,38,24,15,5.0,,New York City (USA),Winter
2015,2015-01,2015-01-14,33,26.0,19,73,65,56,16,12,7.0,,New York City (USA),Winter
2015,2015-01,2015-01-15,35,31.0,27,69,55,40,18,10,4.0,,New York City (USA),Winter
2015,2015-01,2015-01-16,45,33.0,20,63,46,28,36,18,3.0,,New York City (USA),Winter
2015,2015-01,2015-01-17,32,25.0,18,63,48,32,21,11,2.0,,New York City (USA),Winter
2015,2015-01,2015-01-18,47,37.0,27,93,81,69,21,6,7.0,Fog-Rain,New York City (USA),Winter
2015,2015-01,2015-01-19,45,40.0,35,92,65,38,31,15,6.0,,New York City (USA),Winter
2015,2015-01,2015-01-20,41,37.0,32,59,43,27,20,12,6.0,,New York City (USA),Winter
2015,2015-01,2015-01-21,38,32.0,26,50,38,25,14,6,6.0,Snow,New York City (USA),Winter
2015,2015-01,2015-01-22,41,36.0,31,61,52,43,20,8,5.0,,New York City (USA),Winter
2015,2015-01,2015-01-23,39,34.0,28,64,52,40,17,11,3.0,Snow,New York City (USA),Winter
2015,2015-01,2015-01-24,40,37.0,33,89,72,54,23,11,8.0,Fog-Rain-Snow,New York City (USA),Winter
2015,2015-01,2015-01-25,45,39.0,32,75,50,25,26,15,6.0,,New York City (USA),Winter
2015,2015-01,2015-01-26,32,28.0,24,84,62,39,31,18,8.0,Snow,New York City (USA),Winter
2015,2015-01,2015-01-27,27,24.0,20,81,69,57,29,19,8.0,Snow,New York City (USA),Winter
2015,2015-01,2015-01-28,33,25.0,17,62,49,36,24,14,2.0,,New York City (USA),Winter
2015,2015-01,2015-01-29,37,27.0,17,75,57,39,20,8,5.0,Snow,New York City (USA),Winter
2015,2015-01,2015-01-30,38,29.0,19,89,67,44,38,19,6.0,Snow,New York City (USA),Winter
2015,2015-01,2015-01-31,27,21.0,14,51,42,32,38,23,1.0,,New York City (USA),Winter
2015,2015-02,2015-02-01,36,29.0,21,82,67,52,17,9,7.0,Snow,New York City (USA),Winter
2015,2015-02,2015-02-02,35,25.0,15,89,74,59,31,19,7.0,Fog-Rain-Snow,New York City (USA),Winter
2015,2015-02,2015-02-03,26,20.0,14,59,53,46,32,14,3.0,,New York City (USA),Winter
2015,2015-02,2015-02-04,39,31.0,22,76,67,58,24,14,7.0,,New York City (USA),Winter
2015,2015-02,2015-02-05,39,27.0,15,82,58,33,33,20,6.0,Snow,New York City (USA),Winter
2015,2015-02,2015-02-06,27,20.0,13,55,46,37,24,14,4.0,,New York City (USA),Winter
2015,2015-02,2015-02-07,37,31.0,25,70,58,46,14,8,7.0,Snow,New York City (USA),Winter
2015,2015-02,2015-02-08,42,36.0,29,85,75,64,20,9,8.0,,New York City (USA),Winter
2015,2015-02,2015-02-09,29,28.0,26,85,80,75,24,17,8.0,Rain,New York City (USA),Winter
2015,2015-02,2015-02-10,40,33.0,26,75,66,56,23,16,7.0,Snow,New York City (USA),Winter
2015,2015-02,2015-02-11,35,29.0,23,63,51,38,22,10,3.0,,New York City (USA),Winter
2015,2015-02,2015-02-12,40,29.0,18,78,58,38,36,13,6.0,Snow,New York City (USA),Winter
2015,2015-02,2015-02-13,23,16.0,9,46,37,28,38,19,1.0,,New York City (USA),Winter
2015,2015-02,2015-02-14,35,26.0,16,81,59,37,28,10,7.0,Snow,New York City (USA),Winter
2015,2015-02,2015-02-15,27,16.0,5,81,56,31,38,28,5.0,Snow,New York City (USA),Winter
2015,2015-02,2015-02-16,23,14.0,5,49,36,22,33,15,5.0,,New York City (USA),Winter
2015,2015-02,2015-02-17,27,22.0,16,80,56,31,16,7,7.0,Snow,New York City (USA),Winter
2015,2015-02,2015-02-18,31,23.0,15,92,68,43,17,6,5.0,Snow,New York City (USA),Winter
2015,2015-02,2015-02-19,27,18.0,9,60,44,28,31,21,4.0,,New York City (USA),Winter
2015,2015-02,2015-02-20,21,12.0,3,44,38,31,31,19,0.0,,New York City (USA),Winter
2015,2015-02,2015-02-21,33,22.0,11,92,67,42,25,10,7.0,Rain-Snow,New York City (USA),Winter
2015,2015-02,2015-02-22,43,38.0,32,96,78,60,13,4,7.0,Rain-Snow,New York City (USA),Winter
2015,2015-02,2015-02-23,38,24.0,9,70,51,31,31,19,6.0,,New York City (USA),Winter
2015,2015-02,2015-02-24,28,18.0,7,68,57,45,21,9,4.0,,New York City (USA),Winter
2015,2015-02,2015-02-25,37,28.0,19,77,55,32,23,11,4.0,,New York City (USA),Winter
2015,2015-02,2015-02-26,32,28.0,23,63,51,39,23,13,8.0,Snow,New York City (USA),Winter
2015,2015-02,2015-02-27,32,26.0,20,55,43,31,18,10,3.0,,New York City (USA),Winter
2015,2015-02,2015-02-28,31,23.0,15,53,40,27,20,8,1.0,,New York City (USA),Winter
2015,2015-03,2015-03-01,33,27.0,20,88,62,35,18,5,7.0,Fog-Rain-Snow,New York City (USA),Winter
2015,2015-03,2015-03-02,39,34.0,28,85,59,32,30,15,5.0,Snow,New York City (USA),Winter
2015,2015-03,2015-03-03,36,28.0,19,89,64,39,17,9,7.0,Rain-Snow,New York City (USA),Winter
2015,2015-03,2015-03-04,41,37.0,33,92,89,85,18,11,8.0,Rain,New York City (USA),Winter
2015,2015-03,2015-03-05,41,31.0,21,92,71,50,24,13,8.0,Fog-Rain-Snow,New York City (USA),Winter
2015,2015-03,2015-03-06,25,19.0,13,59,47,35,24,10,2.0,,New York City (USA),Winter
2015,2015-03,2015-03-07,37,27.0,16,62,54,45,23,12,4.0,,New York City (USA),Winter
2015,2015-03,2015-03-08,48,39.0,30,75,56,37,28,10,4.0,Snow,New York City (USA),Winter
2015,2015-03,2015-03-09,54,43.0,32,76,54,32,17,9,4.0,Rain,New York City (USA),Winter
2015,2015-03,2015-03-10,50,42.0,34,96,78,60,12,3,7.0,Rain,New York City (USA),Winter
2015,2015-03,2015-03-11,62,51.0,40,93,60,26,24,12,6.0,Fog-Rain,New York City (USA),Winter
2015,2015-03,2015-03-12,50,43.0,36,43,27,11,41,20,1.0,,New York City (USA),Winter
2015,2015-03,2015-03-13,41,36.0,30,70,44,17,16,8,5.0,,New York City (USA),Winter
2015,2015-03,2015-03-14,49,44.0,39,93,82,70,22,9,8.0,Fog-Rain,New York City (USA),Winter
2015,2015-03,2015-03-15,46,42.0,37,89,65,41,38,20,7.0,,New York City (USA),Winter
2015,2015-03,2015-03-16,50,43.0,36,79,57,34,24,9,6.0,,New York City (USA),Winter
2015,2015-03,2015-03-17,60,47.0,34,82,55,27,43,18,6.0,Rain,New York City (USA),Winter
2015,2015-03,2015-03-18,41,36.0,30,43,34,25,36,19,4.0,Snow,New York City (USA),Winter
2015,2015-03,2015-03-19,44,37.0,30,39,27,15,25,12,5.0,,New York City (USA),Winter
2015,2015-03,2015-03-20,40,36.0,31,92,59,25,17,10,8.0,Fog-Snow,New York City (USA),Spring
2015,2015-03,2015-03-21,48,39.0,30,85,73,60,20,9,6.0,Snow,New York City (USA),Spring
2015,2015-03,2015-03-22,45,37.0,28,58,40,22,26,17,3.0,,New York City (USA),Spring
2015,2015-03,2015-03-23,41,33.0,24,46,32,17,24,15,2.0,,New York City (USA),Spring
2015,2015-03,2015-03-24,43,35.0,26,70,49,27,16,8,4.0,,New York City (USA),Spring
2015,2015-03,2015-03-25,46,38.0,30,82,57,31,17,6,6.0,Rain,New York City (USA),Spring
2015,2015-03,2015-03-26,54,48.0,41,100,93,86,28,9,8.0,Fog-Rain,New York City (USA),Spring
2015,2015-03,2015-03-27,47,44.0,41,83,66,49,18,11,8.0,Rain,New York City (USA),Spring
2015,2015-03,2015-03-28,42,35.0,28,64,54,44,24,17,7.0,Snow,New York City (USA),Spring
2015,2015-03,2015-03-29,46,37.0,27,70,43,16,21,14,3.0,Snow,New York City (USA),Spring
2015,2015-03,2015-03-30,58,47.0,36,70,49,28,28,15,7.0,Rain-Snow,New York City (USA),Spring
2015,2015-03,2015-03-31,48,43.0,37,85,61,37,20,12,7.0,Rain,New York City (USA),Spring
2015,2015-04,2015-04-01,53,44.0,34,82,52,21,21,12,3.0,,New York City (USA),Spring
2015,2015-04,2015-04-02,57,45.0,33,71,49,27,33,14,4.0,,New York City (USA),Spring
2015,2015-04,2015-04-03,59,53.0,46,93,82,71,16,8,8.0,Fog-Rain,New York City (USA),Spring
2015,2015-04,2015-04-04,56,50.0,44,93,56,19,38,21,4.0,Rain,New York City (USA),Spring
2015,2015-04,2015-04-05,65,52.0,38,65,44,23,32,13,4.0,,New York City (USA),Spring
2015,2015-04,2015-04-06,60,50.0,39,85,63,41,26,10,4.0,,New York City (USA),Spring
2015,2015-04,2015-04-07,57,51.0,44,86,75,64,21,8,8.0,Rain,New York City (USA),Spring
2015,2015-04,2015-04-08,49,43.0,36,85,57,29,24,15,8.0,Rain,New York City (USA),Spring
2015,2015-04,2015-04-09,44,41.0,38,85,78,70,20,12,8.0,Rain,New York City (USA),Spring
2015,2015-04,2015-04-10,58,49.0,40,92,85,77,22,8,8.0,Fog-Rain,New York City (USA),Spring
2015,2015-04,2015-04-11,61,53.0,45,67,47,27,26,17,3.0,,New York City (USA),Spring
2015,2015-04,2015-04-12,61,52.0,43,83,53,23,18,9,1.0,,New York City (USA),Spring
2015,2015-04,2015-04-13,62,53.0,43,83,65,47,29,14,5.0,,New York City (USA),Spring
2015,2015-04,2015-04-14,66,58.0,50,89,59,28,16,6,7.0,Rain,New York City (USA),Spring
2015,2015-04,2015-04-15,72,61.0,50,59,35,11,26,12,6.0,,New York City (USA),Spring
2015,2015-04,2015-04-16,60,54.0,48,80,49,18,20,11,6.0,,New York City (USA),Spring
2015,2015-04,2015-04-17,69,61.0,52,93,78,63,21,10,7.0,Fog-Rain,New York City (USA),Spring
2015,2015-04,2015-04-18,73,62.0,51,77,48,19,26,9,3.0,,New York City (USA),Spring
2015,2015-04,2015-04-19,62,55.0,47,76,49,21,22,12,6.0,,New York City (USA),Spring
2015,2015-04,2015-04-20,58,53.0,47,96,86,76,37,16,8.0,Fog-Rain,New York City (USA),Spring
2015,2015-04,2015-04-21,67,59.0,50,100,61,22,24,12,5.0,Rain-Thunderstorm,New York City (USA),Spring
2015,2015-04,2015-04-22,63,55.0,46,77,60,43,36,14,4.0,Rain-Thunderstorm,New York City (USA),Spring
2015,2015-04,2015-04-23,54,48.0,42,57,44,31,29,19,4.0,,New York City (USA),Spring
2015,2015-04,2015-04-24,52,46.0,39,44,35,26,30,22,4.0,,New York City (USA),Spring
2015,2015-04,2015-04-25,59,49.0,39,71,48,25,20,11,3.0,,New York City (USA),Spring
2015,2015-04,2015-04-26,59,51.0,43,70,50,30,17,10,5.0,,New York City (USA),Spring
2015,2015-04,2015-04-27,63,56.0,49,47,37,27,24,15,6.0,,New York City (USA),Spring
2015,2015-04,2015-04-28,71,61.0,51,66,43,20,24,14,3.0,,New York City (USA),Spring
2015,2015-04,2015-04-29,77,64.0,50,77,51,25,18,12,2.0,,New York City (USA),Spring
2015,2015-04,2015-04-30,63,56.0,48,80,60,39,23,13,5.0,,New York City (USA),Spring
2015,2015-05,2015-05-01,56,52.0,47,76,66,55,17,8,6.0,,New York City (USA),Spring
2015,2015-05,2015-05-02,61,52.0,43,86,69,51,10,7,3.0,,New York City (USA),Spring
2015,2015-05,2015-05-03,67,57.0,46,83,66,48,18,8,3.0,,New York City (USA),Spring
2015,2015-05,2015-05-04,74,62.0,50,93,66,38,28,10,1.0,,New York City (USA),Spring
2015,2015-05,2015-05-05,82,69.0,55,80,60,39,13,5,5.0,,New York City (USA),Spring
2015,2015-05,2015-05-06,70,62.0,54,72,52,32,17,8,6.0,Rain,New York City (USA),Spring
2015,2015-05,2015-05-07,72,62.0,51,93,65,37,13,6,3.0,,New York City (USA),Spring
2015,2015-05,2015-05-08,72,63.0,53,100,75,49,13,6,5.0,Fog,New York City (USA),Spring
2015,2015-05,2015-05-09,64,61.0,58,97,91,84,14,6,8.0,Fog-Rain,New York City (USA),Spring
2015,2015-05,2015-05-10,74,66.0,58,100,84,68,22,10,5.0,Fog,New York City (USA),Spring
2015,2015-05,2015-05-11,77,70.0,62,93,79,64,26,9,6.0,Fog,New York City (USA),Spring
2015,2015-05,2015-05-12,87,76.0,65,93,61,28,30,13,6.0,Fog-Rain,New York City (USA),Spring
2015,2015-05,2015-05-13,73,64.0,55,47,39,31,29,17,5.0,,New York City (USA),Spring
2015,2015-05,2015-05-14,71,61.0,51,62,41,20,17,12,2.0,,New York City (USA),Spring
2015,2015-05,2015-05-15,71,62.0,53,66,53,40,22,12,7.0,,New York City (USA),Spring
2015,2015-05,2015-05-16,70,64.0,58,90,75,60,10,5,8.0,Rain-Thunderstorm,New York City (USA),Spring
2015,2015-05,2015-05-17,81,71.0,61,93,78,62,13,7,6.0,Fog-Rain,New York City (USA),Spring
2015,2015-05,2015-05-18,68,63.0,57,90,81,72,21,10,7.0,,New York City (USA),Spring
2015,2015-05,2015-05-19,75,66.0,57,93,79,64,23,6,6.0,Rain,New York City (USA),Spring
2015,2015-05,2015-05-20,69,62.0,54,68,50,31,26,16,4.0,,New York City (USA),Spring
2015,2015-05,2015-05-21,62,57.0,52,77,57,36,16,6,7.0,,New York City (USA),Spring
2015,2015-05,2015-05-22,79,67.0,54,77,50,23,26,14,5.0,Rain,New York City (USA),Spring
2015,2015-05,2015-05-23,68,60.0,51,83,51,18,28,15,1.0,,New York City (USA),Spring
2015,2015-05,2015-05-24,74,64.0,53,78,60,41,23,14,4.0,,New York City (USA),Spring
2015,2015-05,2015-05-25,77,67.0,57,86,68,50,31,13,4.0,,New York City (USA),Spring
2015,2015-05,2015-05-26,76,68.0,60,84,71,58,26,13,4.0,,New York City (USA),Spring
2015,2015-05,2015-05-27,74,68.0,61,90,77,64,36,14,5.0,,New York City (USA),Spring
2015,2015-05,2015-05-28,78,69.0,60,90,72,53,21,8,7.0,,New York City (USA),Spring
2015,2015-05,2015-05-29,80,72.0,63,87,65,42,14,7,3.0,,New York City (USA),Spring
2015,2015-05,2015-05-30,78,70.0,62,93,77,60,30,14,4.0,Fog,New York City (USA),Spring
2015,2015-05,2015-05-31,79,71.0,63,90,74,58,24,10,6.0,Rain-Thunderstorm,New York City (USA),Spring
2015,2015-06,2015-06-01,63,58.0,52,90,85,80,20,12,8.0,Rain-Thunderstorm,New York City (USA),Spring
2015,2015-06,2015-06-02,56,54.0,51,89,86,83,17,10,8.0,Rain,New York City (USA),Spring
2015,2015-06,2015-06-03,68,61.0,53,89,71,52,15,9,7.0,Rain,New York City (USA),Spring
2015,2015-06,2015-06-04,67,61.0,55,77,65,52,23,12,6.0,,New York City (USA),Spring
2015,2015-06,2015-06-05,69,63.0,57,86,75,63,13,5,7.0,Rain,New York City (USA),Spring
2015,2015-06,2015-06-06,79,69.0,59,93,56,19,22,9,6.0,Rain,New York City (USA),Spring
2015,2015-06,2015-06-07,71,64.0,56,86,65,44,20,9,4.0,,New York City (USA),Spring
2015,2015-06,2015-06-08,73,67.0,61,78,72,66,31,18,7.0,Rain,New York City (USA),Spring
2015,2015-06,2015-06-09,85,75.0,64,93,64,34,24,14,6.0,Rain,New York City (USA),Spring
2015,2015-06,2015-06-10,79,72.0,65,73,59,45,23,11,2.0,,New York City (USA),Spring
2015,2015-06,2015-06-11,87,77.0,66,81,66,51,17,10,5.0,Rain,New York City (USA),Spring
2015,2015-06,2015-06-12,85,78.0,71,84,62,40,26,10,6.0,,New York City (USA),Spring
2015,2015-06,2015-06-13,88,78.0,67,81,56,31,26,11,6.0,Rain,New York City (USA),Spring
2015,2015-06,2015-06-14,86,76.0,66,87,64,40,18,8,6.0,Rain,New York City (USA),Spring
2015,2015-06,2015-06-15,81,74.0,66,93,84,74,15,8,8.0,Rain-Thunderstorm,New York City (USA),Spring
2015,2015-06,2015-06-16,79,73.0,66,87,74,60,17,7,7.0,Rain,New York City (USA),Spring
2015,2015-06,2015-06-17,81,74.0,66,78,62,45,17,10,6.0,,New York City (USA),Spring
2015,2015-06,2015-06-18,71,68.0,65,81,74,66,15,8,8.0,Rain,New York City (USA),Spring
2015,2015-06,2015-06-19,89,78.0,67,87,63,38,16,7,7.0,Rain,New York City (USA),Spring
2015,2015-06,2015-06-20,75,71.0,67,90,72,53,18,11,8.0,Rain,New York City (USA),Spring
2015,2015-06,2015-06-21,90,81.0,71,93,70,46,37,13,7.0,Rain,New York City (USA),Summer
2015,2015-06,2015-06-22,89,82.0,74,74,55,35,20,12,3.0,,New York City (USA),Summer
2015,2015-06,2015-06-23,89,81.0,72,79,71,63,23,11,6.0,Rain-Thunderstorm,New York City (USA),Summer
2015,2015-06,2015-06-24,86,78.0,69,67,51,34,20,11,4.0,,New York City (USA),Summer
2015,2015-06,2015-06-25,82,75.0,67,79,53,26,25,9,6.0,Rain,New York City (USA),Summer
2015,2015-06,2015-06-26,81,75.0,69,73,61,49,17,7,6.0,Rain,New York City (USA),Summer
2015,2015-06,2015-06-27,71,67.0,62,90,76,61,25,12,8.0,Rain,New York City (USA),Summer
2015,2015-06,2015-06-28,76,70.0,64,93,75,57,20,10,7.0,Rain,New York City (USA),Summer
2015,2015-06,2015-06-29,79,72.0,64,73,59,45,22,13,3.0,,New York City (USA),Summer
2015,2015-06,2015-06-30,81,74.0,66,81,63,45,22,10,5.0,Rain,New York City (USA),Summer
2015,2015-07,2015-07-01,85,78.0,71,87,64,40,30,14,6.0,Rain-Thunderstorm,New York City (USA),Summer
2015,2015-07,2015-07-02,80,75.0,69,84,62,39,14,5,6.0,Rain,New York City (USA),Summer
2015,2015-07,2015-07-03,82,74.0,65,84,57,30,17,8,4.0,,New York City (USA),Summer
2015,2015-07,2015-07-04,80,74.0,67,78,52,25,12,6,7.0,Rain,New York City (USA),Summer
2015,2015-07,2015-07-05,81,74.0,67,84,71,58,18,10,6.0,,New York City (USA),Summer
2015,2015-07,2015-07-06,83,76.0,69,90,72,54,14,8,6.0,,New York City (USA),Summer
2015,2015-07,2015-07-07,84,79.0,74,94,80,65,24,12,6.0,Rain,New York City (USA),Summer
2015,2015-07,2015-07-08,89,82.0,74,87,71,55,14,7,6.0,Rain,New York City (USA),Summer
2015,2015-07,2015-07-09,77,75.0,72,93,79,64,15,9,7.0,Rain-Thunderstorm,New York City (USA),Summer
2015,2015-07,2015-07-10,86,80.0,73,93,64,34,23,11,5.0,,New York City (USA),Summer
2015,2015-07,2015-07-11,86,78.0,70,84,59,34,14,7,3.0,,New York City (USA),Summer
2015,2015-07,2015-07-12,86,79.0,71,79,60,40,24,8,4.0,,New York City (USA),Summer
2015,2015-07,2015-07-13,84,78.0,72,79,63,46,15,7,6.0,,New York City (USA),Summer
2015,2015-07,2015-07-14,80,77.0,73,87,77,67,17,6,7.0,Rain,New York City (USA),Summer
2015,2015-07,2015-07-15,82,78.0,73,94,70,46,25,9,7.0,Rain-Thunderstorm,New York City (USA),Summer
2015,2015-07,2015-07-16,79,73.0,66,73,54,35,25,10,3.0,,New York City (USA),Summer
2015,2015-07,2015-07-17,80,74.0,67,81,66,50,21,12,5.0,,New York City (USA),Summer
2015,2015-07,2015-07-18,83,78.0,73,87,78,68,18,12,7.0,Rain-Thunderstorm,New York City (USA),Summer
2015,2015-07,2015-07-19,89,82.0,75,94,79,63,22,10,5.0,,New York City (USA),Summer
2015,2015-07,2015-07-20,95,87.0,79,85,62,39,18,10,5.0,,New York City (USA),Summer
2015,2015-07,2015-07-21,89,83.0,76,79,61,43,23,10,6.0,,New York City (USA),Summer
2015,2015-07,2015-07-22,89,81.0,72,56,40,23,23,13,2.0,,New York City (USA),Summer
2015,2015-07,2015-07-23,88,79.0,70,60,41,21,21,10,3.0,,New York City (USA),Summer
2015,2015-07,2015-07-24,87,78.0,68,68,46,24,13,7,3.0,,New York City (USA),Summer
2015,2015-07,2015-07-25,84,77.0,70,79,58,37,15,9,3.0,,New York City (USA),Summer
2015,2015-07,2015-07-26,87,79.0,71,79,63,46,26,13,6.0,Rain,New York City (USA),Summer
2015,2015-07,2015-07-27,85,80.0,75,82,69,55,16,9,6.0,,New York City (USA),Summer
2015,2015-07,2015-07-28,89,81.0,73,93,72,50,17,9,4.0,,New York City (USA),Summer
2015,2015-07,2015-07-29,95,85.0,74,87,61,34,22,10,4.0,,New York City (USA),Summer
2015,2015-07,2015-07-30,85,81.0,76,94,87,79,25,12,6.0,Rain-Thunderstorm,New York City (USA),Summer
2015,2015-07,2015-07-31,93,83.0,73,88,57,26,17,8,2.0,,New York City (USA),Summer
2015,2015-08,2015-08-01,91,83.0,74,73,52,31,23,13,3.0,,New York City (USA),Summer
2015,2015-08,2015-08-02,87,79.0,70,82,57,32,18,8,3.0,,New York City (USA),Summer
2015,2015-08,2015-08-03,89,80.0,71,87,69,50,28,13,3.0,,New York City (USA),Summer
2015,2015-08,2015-08-04,92,81.0,70,87,56,24,30,12,5.0,Rain-Thunderstorm,New York City (USA),Summer
2015,2015-08,2015-08-05,91,81.0,71,66,46,26,26,10,4.0,,New York City (USA),Summer
2015,2015-08,2015-08-06,86,78.0,69,68,49,29,16,7,5.0,,New York City (USA),Summer
2015,2015-08,2015-08-07,86,78.0,69,73,54,34,20,8,5.0,,New York City (USA),Summer
2015,2015-08,2015-08-08,83,75.0,67,81,57,33,15,7,5.0,,New York City (USA),Summer
2015,2015-08,2015-08-09,87,77.0,66,76,53,30,17,9,3.0,,New York City (USA),Summer
2015,2015-08,2015-08-10,81,75.0,68,84,65,45,18,8,5.0,,New York City (USA),Summer
2015,2015-08,2015-08-11,81,77.0,72,90,77,64,32,13,7.0,Rain,New York City (USA),Summer
2015,2015-08,2015-08-12,88,81.0,73,69,50,31,16,11,3.0,,New York City (USA),Summer
2015,2015-08,2015-08-13,87,78.0,69,66,47,27,18,8,2.0,,New York City (USA),Summer
2015,2015-08,2015-08-14,86,76.0,66,78,55,32,21,8,2.0,,New York City (USA),Summer
2015,2015-08,2015-08-15,88,79.0,70,82,63,43,22,10,2.0,,New York City (USA),Summer
2015,2015-08,2015-08-16,90,82.0,74,74,59,44,18,7,4.0,Rain-Thunderstorm,New York City (USA),Summer
2015,2015-08,2015-08-17,91,83.0,74,84,68,51,20,9,2.0,,New York City (USA),Summer
2015,2015-08,2015-08-18,86,81.0,75,82,70,57,25,12,4.0,,New York City (USA),Summer
2015,2015-08,2015-08-19,86,81.0,76,88,75,61,20,11,4.0,,New York City (USA),Summer
2015,2015-08,2015-08-20,87,82.0,77,88,75,61,23,13,5.0,,New York City (USA),Summer
2015,2015-08,2015-08-21,87,80.0,73,87,62,36,18,8,6.0,Rain-Thunderstorm,New York City (USA),Summer
2015,2015-08,2015-08-22,86,78.0,70,61,48,34,18,9,5.0,,New York City (USA),Summer
2015,2015-08,2015-08-23,83,76.0,69,84,71,57,14,5,5.0,,New York City (USA),Summer
2015,2015-08,2015-08-24,84,78.0,71,90,68,46,16,8,4.0,,New York City (USA),Summer
2015,2015-08,2015-08-25,85,80.0,75,85,61,36,20,11,4.0,,New York City (USA),Summer
2015,2015-08,2015-08-26,84,76.0,68,61,48,34,20,10,2.0,,New York City (USA),Summer
2015,2015-08,2015-08-27,83,76.0,68,63,49,34,17,9,4.0,,New York City (USA),Summer
2015,2015-08,2015-08-28,82,73.0,64,73,54,35,17,7,3.0,,New York City (USA),Summer
2015,2015-08,2015-08-29,84,76.0,68,78,59,40,18,9,5.0,,New York City (USA),Summer
2015,2015-08,2015-08-30,84,77.0,69,79,67,55,17,10,5.0,Rain,New York City (USA),Summer
2015,2015-08,2015-08-31,91,83.0,75,79,63,47,18,12,6.0,,New York City (USA),Summer
2015,2015-09,2015-09-01,87,80.0,73,87,66,45,14,7,2.0,,New York City (USA),Summer
2015,2015-09,2015-09-02,86,79.0,71,94,71,48,18,9,3.0,,New York City (USA),Summer
2015,2015-09,2015-09-03,93,83.0,73,87,64,41,13,5,3.0,,New York City (USA),Summer
2015,2015-09,2015-09-04,85,78.0,70,82,70,58,18,11,4.0,,New York City (USA),Summer
2015,2015-09,2015-09-05,81,72.0,63,81,60,39,13,7,3.0,,New York City (USA),Summer
2015,2015-09,2015-09-06,80,71.0,62,84,65,45,13,7,3.0,,New York City (USA),Summer
2015,2015-09,2015-09-07,86,78.0,70,90,71,51,21,12,1.0,,New York City (USA),Summer
2015,2015-09,2015-09-08,91,82.0,73,87,67,47,23,13,1.0,,New York City (USA),Summer
2015,2015-09,2015-09-09,87,81.0,75,87,74,61,23,11,4.0,Rain-Thunderstorm,New York City (USA),Summer
2015,2015-09,2015-09-10,79,75.0,71,93,85,76,22,8,7.0,Rain-Thunderstorm,New York City (USA),Summer
2015,2015-09,2015-09-11,82,74.0,66,93,69,45,18,10,6.0,Rain,New York City (USA),Summer
2015,2015-09,2015-09-12,80,74.0,68,90,76,62,25,12,6.0,Rain,New York City (USA),Summer
2015,2015-09,2015-09-13,79,71.0,62,90,70,50,23,12,6.0,Rain,New York City (USA),Summer
2015,2015-09,2015-09-14,78,69.0,60,64,49,33,22,14,1.0,,New York City (USA),Summer
2015,2015-09,2015-09-15,80,71.0,62,79,57,35,16,8,1.0,,New York City (USA),Summer
2015,2015-09,2015-09-16,84,73.0,62,84,59,34,13,4,4.0,,New York City (USA),Summer
2015,2015-09,2015-09-17,84,74.0,64,84,64,43,15,6,3.0,,New York City (USA),Summer
2015,2015-09,2015-09-18,83,74.0,65,84,64,43,13,7,1.0,,New York City (USA),Summer
2015,2015-09,2015-09-19,80,74.0,68,90,76,62,20,8,5.0,,New York City (USA),Summer
2015,2015-09,2015-09-20,80,72.0,64,90,59,28,22,14,3.0,,New York City (USA),Summer
2015,2015-09,2015-09-21,72,66.0,59,64,50,35,20,11,6.0,,New York City (USA),Summer
2015,2015-09,2015-09-22,73,68.0,63,73,59,44,17,10,7.0,,New York City (USA),Summer
2015,2015-09,2015-09-23,80,69.0,58,84,56,28,15,6,4.0,,New York City (USA),Autumn
2015,2015-09,2015-09-24,83,71.0,59,78,53,28,15,8,3.0,,New York City (USA),Autumn
2015,2015-09,2015-09-25,75,69.0,63,78,62,46,16,9,7.0,,New York City (USA),Autumn
2015,2015-09,2015-09-26,73,66.0,59,73,59,44,21,10,7.0,,New York City (USA),Autumn
2015,2015-09,2015-09-27,72,64.0,56,84,69,53,14,7,6.0,,New York City (USA),Autumn
2015,2015-09,2015-09-28,79,70.0,61,93,80,67,17,6,6.0,Rain,New York City (USA),Autumn
2015,2015-09,2015-09-29,80,75.0,69,97,86,74,17,7,7.0,Rain,New York City (USA),Autumn
2015,2015-09,2015-09-30,78,69.0,60,93,80,67,28,16,7.0,Rain,New York City (USA),Autumn
2015,2015-10,2015-10-01,61,59.0,56,80,72,64,24,15,8.0,Rain,New York City (USA),Autumn
2015,2015-10,2015-10-02,57,54.0,50,86,82,77,30,19,8.0,Rain,New York City (USA),Autumn
2015,2015-10,2015-10-03,57,54.0,51,89,78,66,28,19,8.0,Rain,New York City (USA),Autumn
2015,2015-10,2015-10-04,66,60.0,54,72,56,40,26,16,6.0,,New York City (USA),Autumn
2015,2015-10,2015-10-05,67,60.0,53,77,65,52,20,12,6.0,,New York City (USA),Autumn
2015,2015-10,2015-10-06,74,63.0,51,83,57,31,14,6,3.0,,New York City (USA),Autumn
2015,2015-10,2015-10-07,71,64.0,57,80,64,47,13,7,4.0,,New York City (USA),Autumn
2015,2015-10,2015-10-08,70,63.0,55,84,64,44,14,6,4.0,,New York City (USA),Autumn
2015,2015-10,2015-10-09,74,68.0,61,93,81,68,23,13,6.0,Rain-Thunderstorm,New York City (USA),Autumn
2015,2015-10,2015-10-10,66,59.0,52,66,49,31,26,9,3.0,,New York City (USA),Autumn
2015,2015-10,2015-10-11,68,59.0,50,84,63,42,15,10,2.0,,New York City (USA),Autumn
2015,2015-10,2015-10-12,72,63.0,53,86,68,49,17,8,0.0,,New York City (USA),Autumn
2015,2015-10,2015-10-13,74,67.0,60,90,72,53,20,9,6.0,Rain,New York City (USA),Autumn
2015,2015-10,2015-10-14,70,64.0,58,67,55,42,18,12,6.0,,New York City (USA),Autumn
2015,2015-10,2015-10-15,65,59.0,52,63,50,37,20,11,1.0,,New York City (USA),Autumn
2015,2015-10,2015-10-16,66,60.0,54,72,51,29,21,12,2.0,,New York City (USA),Autumn
2015,2015-10,2015-10-17,58,51.0,43,66,46,26,24,14,3.0,,New York City (USA),Autumn
2015,2015-10,2015-10-18,53,46.0,38,59,41,22,24,13,3.0,,New York City (USA),Autumn
2015,2015-10,2015-10-19,52,44.0,36,64,48,32,24,11,2.0,,New York City (USA),Autumn
2015,2015-10,2015-10-20,70,60.0,49,66,49,32,24,16,4.0,,New York City (USA),Autumn
2015,2015-10,2015-10-21,71,62.0,52,84,62,40,12,6,4.0,,New York City (USA),Autumn
2015,2015-10,2015-10-22,70,62.0,53,83,68,53,16,9,5.0,,New York City (USA),Autumn
2015,2015-10,2015-10-23,66,55.0,44,58,42,25,24,15,1.0,,New York City (USA),Autumn
2015,2015-10,2015-10-24,59,51.0,42,76,62,47,15,9,5.0,,New York City (USA),Autumn
2015,2015-10,2015-10-25,70,60.0,49,84,64,44,25,15,6.0,Rain,New York City (USA),Autumn
2015,2015-10,2015-10-26,60,53.0,45,71,52,32,17,7,4.0,,New York City (USA),Autumn
2015,2015-10,2015-10-27,59,51.0,42,83,65,47,12,8,6.0,,New York City (USA),Autumn
2015,2015-10,2015-10-28,68,60.0,52,97,84,71,32,20,8.0,Rain,New York City (USA),Autumn
2015,2015-10,2015-10-29,74,67.0,59,93,62,30,31,16,6.0,Rain,New York City (USA),Autumn
2015,2015-10,2015-10-30,63,55.0,47,46,39,31,22,14,1.0,,New York City (USA),Autumn
2015,2015-10,2015-10-31,55,48.0,40,68,55,41,14,7,4.0,,New York City (USA),Autumn
2015,2015-11,2015-11-01,64,59.0,54,86,71,55,21,12,7.0,,New York City (USA),Autumn
2015,2015-11,2015-11-02,65,58.0,51,86,65,43,13,5,6.0,,New York City (USA),Autumn
2015,2015-11,2015-11-03,70,58.0,45,89,64,39,13,4,0.0,,New York City (USA),Autumn
2015,2015-11,2015-11-04,69,60.0,50,93,69,44,17,6,0.0,,New York City (USA),Autumn
2015,2015-11,2015-11-05,69,61.0,53,100,88,76,9,4,7.0,Fog-Rain,New York City (USA),Autumn
2015,2015-11,2015-11-06,75,69.0,62,93,81,68,21,9,7.0,Fog,New York City (USA),Autumn
2015,2015-11,2015-11-07,70,63.0,55,78,57,36,23,11,7.0,,New York City (USA),Autumn
2015,2015-11,2015-11-08,60,52.0,43,60,46,31,24,10,2.0,,New York City (USA),Autumn
2015,2015-11,2015-11-09,59,49.0,39,85,58,30,9,3,5.0,,New York City (USA),Autumn
2015,2015-11,2015-11-10,59,56.0,53,93,77,61,22,12,8.0,Rain,New York City (USA),Autumn
2015,2015-11,2015-11-11,59,55.0,50,89,78,66,24,13,8.0,Rain,New York City (USA),Autumn
2015,2015-11,2015-11-12,60,56.0,52,89,82,75,26,11,7.0,Rain,New York City (USA),Autumn
2015,2015-11,2015-11-13,61,55.0,48,55,42,28,33,20,2.0,,New York City (USA),Autumn
2015,2015-11,2015-11-14,51,47.0,42,49,40,30,29,18,2.0,,New York City (USA),Autumn
2015,2015-11,2015-11-15,59,50.0,40,64,49,33,18,13,2.0,,New York City (USA),Autumn
2015,2015-11,2015-11-16,69,57.0,45,71,50,29,17,9,0.0,,New York City (USA),Autumn
2015,2015-11,2015-11-17,53,47.0,40,70,53,35,17,8,3.0,,New York City (USA),Autumn
2015,2015-11,2015-11-18,60,52.0,43,80,68,55,17,11,7.0,,New York City (USA),Autumn
2015,2015-11,2015-11-19,63,61.0,58,93,86,78,30,19,8.0,Rain,New York City (USA),Autumn
2015,2015-11,2015-11-20,63,54.0,45,97,61,24,24,13,3.0,,New York City (USA),Autumn
2015,2015-11,2015-11-21,55,49.0,42,66,48,30,21,10,5.0,,New York City (USA),Autumn
2015,2015-11,2015-11-22,58,51.0,44,86,60,34,26,13,6.0,,New York City (USA),Autumn
2015,2015-11,2015-11-23,46,41.0,35,48,35,21,25,15,1.0,,New York City (USA),Autumn
2015,2015-11,2015-11-24,48,40.0,31,64,49,34,15,7,3.0,,New York City (USA),Autumn
2015,2015-11,2015-11-25,51,42.0,32,70,52,33,9,4,1.0,,New York City (USA),Autumn
2015,2015-11,2015-11-26,60,48.0,35,93,78,62,12,6,5.0,,New York City (USA),Autumn
2015,2015-11,2015-11-27,63,53.0,43,93,80,67,12,5,5.0,Fog,New York City (USA),Autumn
2015,2015-11,2015-11-28,65,56.0,46,86,73,60,16,8,7.0,Rain,New York City (USA),Autumn
2015,2015-11,2015-11-29,50,44.0,38,71,52,32,17,11,5.0,Rain,New York City (USA),Autumn
2015,2015-11,2015-11-30,50,42.0,34,75,63,50,16,9,5.0,,New York City (USA),Autumn
2015,2015-12,2015-12-01,53,50.0,46,93,79,65,22,11,8.0,Rain,New York City (USA),Autumn
2015,2015-12,2015-12-02,57,52.0,47,93,87,80,17,5,8.0,Fog-Rain,New York City (USA),Autumn
2015,2015-12,2015-12-03,56,51.0,45,83,62,41,26,16,5.0,,New York City (USA),Autumn
2015,2015-12,2015-12-04,53,47.0,41,67,54,41,18,10,1.0,,New York City (USA),Autumn
2015,2015-12,2015-12-05,53,44.0,35,79,62,44,12,5,0.0,,New York City (USA),Autumn
2015,2015-12,2015-12-06,51,45.0,38,85,70,54,13,6,1.0,,New York City (USA),Autumn
2015,2015-12,2015-12-07,55,48.0,40,82,60,38,15,8,6.0,,New York City (USA),Autumn
2015,2015-12,2015-12-08,51,46.0,40,70,61,52,18,8,6.0,,New York City (USA),Autumn
2015,2015-12,2015-12-09,55,45.0,34,89,75,61,20,8,6.0,,New York City (USA),Autumn
2015,2015-12,2015-12-10,59,54.0,48,89,76,62,17,7,5.0,,New York City (USA),Autumn
2015,2015-12,2015-12-11,58,52.0,46,100,84,67,13,6,6.0,Fog,New York City (USA),Autumn
2015,2015-12,2015-12-12,64,57.0,49,93,75,56,12,4,6.0,,New York City (USA),Autumn
2015,2015-12,2015-12-13,70,62.0,53,89,73,57,16,7,6.0,,New York City (USA),Autumn
2015,2015-12,2015-12-14,61,57.0,53,100,92,83,29,11,8.0,Fog-Rain,New York City (USA),Autumn
2015,2015-12,2015-12-15,64,59.0,53,97,68,39,30,18,5.0,Rain,New York City (USA),Autumn
2015,2015-12,2015-12-16,53,49.0,45,86,65,44,20,9,5.0,Rain,New York City (USA),Autumn
2015,2015-12,2015-12-17,59,55.0,50,93,87,80,21,9,8.0,Rain,New York City (USA),Autumn
2015,2015-12,2015-12-18,58,49.0,39,93,66,39,26,14,7.0,Rain,New York City (USA),Autumn
2015,2015-12,2015-12-19,41,39.0,36,50,44,37,30,20,5.0,,New York City (USA),Autumn
2015,2015-12,2015-12-20,44,40.0,35,54,43,31,25,12,4.0,,New York City (USA),Autumn
2015,2015-12,2015-12-21,55,47.0,38,83,64,45,23,12,8.0,,New York City (USA),Winter
2015,2015-12,2015-12-22,60,56.0,52,93,88,83,17,9,8.0,Rain,New York City (USA),Winter
2015,2015-12,2015-12-23,63,56.0,48,97,92,86,25,10,8.0,Fog-Rain,New York City (USA),Winter
2015,2015-12,2015-12-24,69,63.0,57,100,91,81,24,11,7.0,Fog-Rain,New York City (USA),Winter
2015,2015-12,2015-12-25,64,58.0,52,100,89,78,12,2,8.0,Fog-Rain,New York City (USA),Winter
2015,2015-12,2015-12-26,60,55.0,49,90,66,41,21,11,8.0,Rain,New York City (USA),Winter
2015,2015-12,2015-12-27,63,56.0,48,96,82,68,23,12,8.0,Fog-Rain,New York City (USA),Winter
2015,2015-12,2015-12-28,48,42.0,35,70,57,43,23,14,7.0,Rain-Snow,New York City (USA),Winter
2015,2015-12,2015-12-29,49,42.0,34,93,88,83,24,12,8.0,Rain-Snow,New York City (USA),Winter
2015,2015-12,2015-12-30,51,46.0,41,93,85,76,22,7,8.0,Rain,New York City (USA),Winter
2015,2015-12,2015-12-31,52,48.0,43,93,71,49,20,12,7.0,Rain,New York City (USA),Winter
